2026-09-05 12:32:05,763 INFO Log file: /data2/home/vcivale/projects/methylation/NeuroMethyl-ONT/outputs/logs/data/build_canonical_methylation_20260905T103205Z.log
2026-09-05 12:32:05,764 INFO cohort=ONT_WGS: 39 file(s) to consider
2026-09-05 12:32:13,579 INFO ONT_WGS/ONT_WGS_1: non-cg probe annotations: MGMT=115, rs11249206=1, rs133860=1, rs966367=1
2026-09-05 12:32:25,718 INFO ONT_WGS/ONT_WGS_1: OK schema=coverage_percentage coordinate_rows=860899 probe_rows=860785 coverage_preserved=True total_coverage=18961776
2026-09-05 12:32:32,909 INFO ONT_WGS/ONT_WGS_10: non-cg probe annotations: rs11249206=1, rs133860=1, rs1495031=1, rs966367=1
2026-09-05 12:32:39,033 INFO ONT_WGS/ONT_WGS_10: OK schema=coverage_percentage coordinate_rows=861069 probe_rows=861069 coverage_preserved=True total_coverage=19324219
2026-09-05 12:32:46,077 INFO ONT_WGS/ONT_WGS_11: non-cg probe annotations: MGMT=115, ch.X.79027977R=1, rs11249206=1, rs133860=1, rs1495031=1, rs6426327=1, rs966367=1
2026-09-05 12:32:52,577 INFO ONT_WGS/ONT_WGS_11: OK schema=coverage_percentage coordinate_rows=862597 probe_rows=862480 coverage_preserved=True total_coverage=31664330
2026-09-05 12:32:59,585 INFO ONT_WGS/ONT_WGS_12: non-cg probe annotations: rs133860=1, rs1495031=1, rs966367=1
2026-09-05 12:33:06,026 INFO ONT_WGS/ONT_WGS_12: OK schema=coverage_percentage coordinate_rows=860712 probe_rows=860712 coverage_preserved=True total_coverage=29056896
2026-09-05 12:33:13,207 INFO ONT_WGS/ONT_WGS_13: non-cg probe annotations: MGMT=115, ch.X.79027977R=1, rs11249206=1, rs133860=1, rs1495031=1, rs6426327=1, rs966367=1
2026-09-05 12:33:19,772 INFO ONT_WGS/ONT_WGS_13: OK schema=coverage_percentage coordinate_rows=862131 probe_rows=862014 coverage_preserved=True total_coverage=37161680
2026-09-05 12:33:26,887 INFO ONT_WGS/ONT_WGS_14: non-cg probe annotations: MGMT=115, ch.X.79027977R=1, rs11249206=1, rs133860=1, rs1495031=1, rs6426327=1, rs966367=1
2026-09-05 12:33:33,455 INFO ONT_WGS/ONT_WGS_14: OK schema=coverage_percentage coordinate_rows=862470 probe_rows=862353 coverage_preserved=True total_coverage=34844572
2026-09-05 12:33:40,631 INFO ONT_WGS/ONT_WGS_16: non-cg probe annotations: MGMT=115, ch.X.79027977R=1, rs11249206=1, rs133860=1, rs1495031=1, rs6426327=1, rs966367=1
2026-09-05 12:33:46,909 INFO ONT_WGS/ONT_WGS_16: OK schema=coverage_percentage coordinate_rows=862528 probe_rows=862411 coverage_preserved=True total_coverage=16019616
2026-09-05 12:33:53,950 INFO ONT_WGS/ONT_WGS_17: non-cg probe annotations: MGMT=113, rs11249206=1, rs133860=1, rs1495031=1, rs966367=1
2026-09-05 12:34:00,504 INFO ONT_WGS/ONT_WGS_17: OK schema=coverage_percentage coordinate_rows=855493 probe_rows=855381 coverage_preserved=True total_coverage=5522340
2026-09-05 12:34:07,954 INFO ONT_WGS/ONT_WGS_18: non-cg probe annotations: MGMT=115, rs11249206=1, rs133860=1, rs1495031=1
2026-09-05 12:34:14,496 INFO ONT_WGS/ONT_WGS_18: OK schema=coverage_percentage_mod coordinate_rows=861387 probe_rows=861273 coverage_preserved=True total_coverage=34447320
2026-09-05 12:34:21,700 INFO ONT_WGS/ONT_WGS_19: non-cg probe annotations: MGMT=115, rs11249206=1, rs133860=1, rs1495031=1
2026-09-05 12:34:28,269 INFO ONT_WGS/ONT_WGS_19: OK schema=coverage_percentage coordinate_rows=861992 probe_rows=861878 coverage_preserved=True total_coverage=23971277
2026-09-05 12:34:36,155 INFO ONT_WGS/ONT_WGS_2: non-cg probe annotations: MGMT=115, ch.X.79027977R=1, rs11249206=1, rs133860=1, rs1495031=1, rs6426327=1, rs966367=1
2026-09-05 12:34:43,284 INFO ONT_WGS/ONT_WGS_2: OK schema=coverage_percentage coordinate_rows=862002 probe_rows=861885 coverage_preserved=True total_coverage=30637170
2026-09-05 12:34:50,508 INFO ONT_WGS/ONT_WGS_20: non-cg probe annotations: MGMT=114, rs11249206=1, rs133860=1, rs1495031=1
2026-09-05 12:34:57,499 INFO ONT_WGS/ONT_WGS_20: OK schema=coverage_percentage coordinate_rows=860736 probe_rows=860623 coverage_preserved=True total_coverage=24771905
2026-09-05 12:35:04,701 INFO ONT_WGS/ONT_WGS_21: non-cg probe annotations: MGMT=114, rs11249206=1, rs133860=1, rs1495031=1, rs966367=1
2026-09-05 12:35:11,654 INFO ONT_WGS/ONT_WGS_21: OK schema=coverage_percentage coordinate_rows=861021 probe_rows=860908 coverage_preserved=True total_coverage=21964307
2026-09-05 12:35:19,158 INFO ONT_WGS/ONT_WGS_22: non-cg probe annotations: MGMT=115, rs133860=1, rs966367=1
2026-09-05 12:35:25,828 INFO ONT_WGS/ONT_WGS_22: OK schema=coverage_percentage_mod coordinate_rows=860849 probe_rows=860735 coverage_preserved=True total_coverage=28857694
2026-09-05 12:35:33,357 INFO ONT_WGS/ONT_WGS_23: non-cg probe annotations: MGMT=114, rs11249206=1, rs133860=1, rs1495031=1
2026-09-05 12:35:47,422 INFO ONT_WGS/ONT_WGS_23: OK schema=coverage_percentage coordinate_rows=860656 probe_rows=860543 coverage_preserved=True total_coverage=15624125
2026-09-05 12:35:55,456 INFO ONT_WGS/ONT_WGS_24: non-cg probe annotations: MGMT=114, rs133860=1, rs1495031=1, rs966367=1
2026-09-05 12:36:09,094 INFO ONT_WGS/ONT_WGS_24: OK schema=coverage_percentage coordinate_rows=861203 probe_rows=861090 coverage_preserved=True total_coverage=21976180
2026-09-05 12:36:16,942 INFO ONT_WGS/ONT_WGS_25: non-cg probe annotations: MGMT=115, rs133860=1, rs1495031=1, rs966367=1
2026-09-05 12:36:23,450 INFO ONT_WGS/ONT_WGS_25: OK schema=coverage_percentage_mod coordinate_rows=861350 probe_rows=861236 coverage_preserved=True total_coverage=26551080
2026-09-05 12:36:30,701 INFO ONT_WGS/ONT_WGS_26: non-cg probe annotations: MGMT=115, rs11249206=1, rs133860=1
2026-09-05 12:36:37,346 INFO ONT_WGS/ONT_WGS_26: OK schema=coverage_percentage_mod coordinate_rows=860917 probe_rows=860803 coverage_preserved=True total_coverage=30707212
2026-09-05 12:36:44,300 INFO ONT_WGS/ONT_WGS_27: non-cg probe annotations: MGMT=114, rs133860=1, rs1495031=1, rs966367=1
2026-09-05 12:36:51,009 INFO ONT_WGS/ONT_WGS_27: OK schema=coverage_percentage coordinate_rows=861314 probe_rows=861201 coverage_preserved=True total_coverage=21783505
2026-09-05 12:36:58,391 INFO ONT_WGS/ONT_WGS_28: non-cg probe annotations: MGMT=114, rs11249206=1, rs133860=1, rs966367=1
2026-09-05 12:37:05,119 INFO ONT_WGS/ONT_WGS_28: OK schema=coverage_percentage_mod coordinate_rows=861256 probe_rows=861143 coverage_preserved=True total_coverage=21663124
2026-09-05 12:37:12,150 INFO ONT_WGS/ONT_WGS_29: non-cg probe annotations: MGMT=114, rs11249206=1, rs133860=1, rs1495031=1, rs966367=1
2026-09-05 12:37:18,862 INFO ONT_WGS/ONT_WGS_29: OK schema=coverage_percentage coordinate_rows=861286 probe_rows=861173 coverage_preserved=True total_coverage=29018045
2026-09-05 12:37:26,111 INFO ONT_WGS/ONT_WGS_3: non-cg probe annotations: MGMT=114, rs11249206=1, rs1495031=1, rs966367=1
2026-09-05 12:37:32,940 INFO ONT_WGS/ONT_WGS_3: OK schema=coverage_percentage coordinate_rows=861276 probe_rows=861163 coverage_preserved=True total_coverage=21619924
2026-09-05 12:37:40,439 INFO ONT_WGS/ONT_WGS_30: non-cg probe annotations: MGMT=114, rs11249206=1, rs133860=1, rs1495031=1
2026-09-05 12:37:47,298 INFO ONT_WGS/ONT_WGS_30: OK schema=coverage_percentage_mod coordinate_rows=860770 probe_rows=860657 coverage_preserved=True total_coverage=25851377
2026-09-05 12:37:54,852 INFO ONT_WGS/ONT_WGS_31: non-cg probe annotations: MGMT=115, rs11249206=1, rs133860=1, rs966367=1
2026-09-05 12:38:01,733 INFO ONT_WGS/ONT_WGS_31: OK schema=coverage_percentage_mod coordinate_rows=860845 probe_rows=860731 coverage_preserved=True total_coverage=19159155
2026-09-05 12:38:09,208 INFO ONT_WGS/ONT_WGS_32: non-cg probe annotations: MGMT=114, rs11249206=1, rs133860=1, rs1495031=1, rs966367=1
2026-09-05 12:38:15,983 INFO ONT_WGS/ONT_WGS_32: OK schema=coverage_percentage_mod coordinate_rows=861225 probe_rows=861112 coverage_preserved=True total_coverage=27837230
2026-09-05 12:38:16,111 INFO cohort=ONT_WGS progress: 25/39
2026-09-05 12:38:24,031 INFO ONT_WGS/ONT_WGS_33: non-cg probe annotations: MGMT=115, rs11249206=1, rs133860=1, rs1495031=1, rs966367=1
2026-09-05 12:38:36,986 INFO ONT_WGS/ONT_WGS_33: OK schema=coverage_percentage_mod coordinate_rows=860847 probe_rows=860733 coverage_preserved=True total_coverage=29699511
2026-09-05 12:38:45,169 INFO ONT_WGS/ONT_WGS_34: non-cg probe annotations: MGMT=115, rs11249206=1, rs1495031=1
2026-09-05 12:38:58,488 INFO ONT_WGS/ONT_WGS_34: OK schema=coverage_percentage_mod coordinate_rows=861304 probe_rows=861190 coverage_preserved=True total_coverage=27687161
2026-09-05 12:39:06,675 INFO ONT_WGS/ONT_WGS_35: non-cg probe annotations: MGMT=115, rs133860=1, rs1495031=1, rs966367=1
2026-09-05 12:39:19,856 INFO ONT_WGS/ONT_WGS_35: OK schema=coverage_percentage_mod coordinate_rows=861200 probe_rows=861086 coverage_preserved=True total_coverage=23059599
2026-09-05 12:39:27,923 INFO ONT_WGS/ONT_WGS_36: non-cg probe annotations: MGMT=115, rs133860=1, rs1495031=1, rs966367=1
2026-09-05 12:39:40,031 INFO ONT_WGS/ONT_WGS_36: OK schema=coverage_percentage_mod coordinate_rows=860822 probe_rows=860708 coverage_preserved=True total_coverage=22183895
2026-09-05 12:39:47,278 INFO ONT_WGS/ONT_WGS_37: non-cg probe annotations: MGMT=115, rs11249206=1, rs133860=1, rs1495031=1, rs966367=1
2026-09-05 12:39:54,466 INFO ONT_WGS/ONT_WGS_37: OK schema=coverage_percentage coordinate_rows=861267 probe_rows=861153 coverage_preserved=True total_coverage=25541518
2026-09-05 12:40:01,654 INFO ONT_WGS/ONT_WGS_38: non-cg probe annotations: MGMT=115, ch.X.79027977R=1, rs11249206=1, rs133860=1, rs1495031=1, rs6426327=1, rs966367=1
2026-09-05 12:40:08,721 INFO ONT_WGS/ONT_WGS_38: OK schema=coverage_percentage coordinate_rows=862554 probe_rows=862437 coverage_preserved=True total_coverage=30060237
2026-09-05 12:40:15,835 INFO ONT_WGS/ONT_WGS_39: non-cg probe annotations: MGMT=115, rs133860=1, rs1495031=1, rs966367=1
2026-09-05 12:40:25,303 INFO ONT_WGS/ONT_WGS_39: OK schema=coverage_percentage coordinate_rows=861260 probe_rows=861146 coverage_preserved=True total_coverage=22581313
2026-09-05 12:40:33,030 INFO ONT_WGS/ONT_WGS_4: non-cg probe annotations: MGMT=115, ch.X.79027977R=1, rs11249206=1, rs133860=1, rs1495031=1, rs6426327=1, rs966367=1
2026-09-05 12:40:40,793 INFO ONT_WGS/ONT_WGS_4: OK schema=coverage_percentage coordinate_rows=862087 probe_rows=861970 coverage_preserved=True total_coverage=31546017
2026-09-05 12:40:48,195 INFO ONT_WGS/ONT_WGS_40: non-cg probe annotations: MGMT=115, ch.X.79027977R=1, rs11249206=1, rs133860=1, rs1495031=1, rs6426327=1, rs966367=1
2026-09-05 12:40:55,569 INFO ONT_WGS/ONT_WGS_40: OK schema=coverage_percentage coordinate_rows=862565 probe_rows=862448 coverage_preserved=True total_coverage=38337964
2026-09-05 12:41:02,853 INFO ONT_WGS/ONT_WGS_5: non-cg probe annotations: MGMT=115, rs11249206=1, rs133860=1, rs1495031=1, rs966367=1
2026-09-05 12:41:10,167 INFO ONT_WGS/ONT_WGS_5: OK schema=coverage_percentage coordinate_rows=861310 probe_rows=861196 coverage_preserved=True total_coverage=22502356
2026-09-05 12:41:17,515 INFO ONT_WGS/ONT_WGS_6: non-cg probe annotations: MGMT=115, ch.X.79027977R=1, rs11249206=1, rs133860=1, rs1495031=1, rs6426327=1, rs966367=1
2026-09-05 12:41:24,738 INFO ONT_WGS/ONT_WGS_6: OK schema=coverage_percentage coordinate_rows=862576 probe_rows=862459 coverage_preserved=True total_coverage=29006667
2026-09-05 12:41:32,111 INFO ONT_WGS/ONT_WGS_7: non-cg probe annotations: MGMT=115, ch.X.79027977R=1, rs11249206=1, rs133860=1, rs1495031=1, rs6426327=1, rs966367=1
2026-09-05 12:41:39,360 INFO ONT_WGS/ONT_WGS_7: OK schema=coverage_percentage coordinate_rows=861946 probe_rows=861829 coverage_preserved=True total_coverage=25474072
2026-09-05 12:41:46,748 INFO ONT_WGS/ONT_WGS_8: non-cg probe annotations: rs11249206=1, rs1495031=1, rs966367=1
2026-09-05 12:41:54,210 INFO ONT_WGS/ONT_WGS_8: OK schema=coverage_percentage coordinate_rows=860857 probe_rows=860857 coverage_preserved=True total_coverage=14461458
2026-09-05 12:42:01,581 INFO ONT_WGS/ONT_WGS_9: non-cg probe annotations: MGMT=115, rs11249206=1, rs1495031=1, rs966367=1
2026-09-05 12:42:08,971 INFO ONT_WGS/ONT_WGS_9: OK schema=coverage_percentage coordinate_rows=860677 probe_rows=860563 coverage_preserved=True total_coverage=16612371
2026-09-05 12:42:09,117 INFO cohort=ONT_WGS progress: 39/39
2026-09-05 12:42:09,123 INFO cohort=Rapid_CNS2: 300 file(s) to consider
2026-09-05 12:42:15,280 INFO Rapid_CNS2/ID_1: non-cg probe annotations: MGMT=106, rs11249206=1, rs133860=1, rs1495031=1, rs966367=1
2026-09-05 12:42:22,209 INFO Rapid_CNS2/ID_1: OK schema=coverage_percentage_headerless coordinate_rows=749603 probe_rows=749498 coverage_preserved=True total_coverage=1998455
2026-09-05 12:42:28,803 INFO Rapid_CNS2/ID_10: non-cg probe annotations: MGMT=106, rs11249206=1, rs133860=1, rs966367=1
2026-09-05 12:42:35,884 INFO Rapid_CNS2/ID_10: OK schema=coverage_percentage_headerless coordinate_rows=765807 probe_rows=765702 coverage_preserved=True total_coverage=2165949
2026-09-05 12:42:47,724 INFO Rapid_CNS2/ID_100: non-cg probe annotations: MGMT=212, rs11249206=1, rs133860=1, rs1495031=1, rs6426327=1, rs966367=1
2026-09-05 12:42:57,049 INFO Rapid_CNS2/ID_100: OK schema=coverage_percentage_headerless coordinate_rows=1445544 probe_rows=829335 coverage_preserved=True total_coverage=3424656
2026-09-05 12:43:07,988 INFO Rapid_CNS2/ID_101: non-cg probe annotations: MGMT=212, ch.X.79027977R=1, rs11249206=1, rs133860=1, rs1495031=1, rs6426327=1, rs966367=1
2026-09-05 12:43:16,417 INFO Rapid_CNS2/ID_101: OK schema=coverage_percentage_headerless coordinate_rows=1302606 probe_rows=800234 coverage_preserved=True total_coverage=2517899
2026-09-05 12:43:28,863 INFO Rapid_CNS2/ID_102: non-cg probe annotations: MGMT=212, rs11249206=1, rs133860=1, rs1495031=1, rs6426327=1, rs966367=1
2026-09-05 12:43:37,940 INFO Rapid_CNS2/ID_102: OK schema=coverage_percentage_headerless coordinate_rows=1532239 probe_rows=843188 coverage_preserved=True total_coverage=3888021
2026-09-05 12:43:50,401 INFO Rapid_CNS2/ID_103: non-cg probe annotations: MGMT=212, ch.X.79027977R=1, rs11249206=1, rs133860=1, rs1495031=1, rs6426327=1, rs966367=1
2026-09-05 12:43:59,903 INFO Rapid_CNS2/ID_103: OK schema=coverage_percentage_headerless coordinate_rows=1439509 probe_rows=828911 coverage_preserved=True total_coverage=3349707
2026-09-05 12:44:11,913 INFO Rapid_CNS2/ID_104: non-cg probe annotations: MGMT=212, ch.X.79027977R=1, rs11249206=1, rs133860=1, rs1495031=1, rs6426327=1, rs966367=1
2026-09-05 12:44:20,745 INFO Rapid_CNS2/ID_104: OK schema=coverage_percentage_headerless coordinate_rows=1398311 probe_rows=822086 coverage_preserved=True total_coverage=2894222
2026-09-05 12:44:32,538 INFO Rapid_CNS2/ID_105: non-cg probe annotations: MGMT=212, ch.X.79027977R=1, rs11249206=1, rs133860=1, rs1495031=1, rs6426327=1, rs966367=1
2026-09-05 12:44:41,241 INFO Rapid_CNS2/ID_105: OK schema=coverage_percentage_headerless coordinate_rows=1373894 probe_rows=816494 coverage_preserved=True total_coverage=2746055
2026-09-05 12:44:51,300 INFO Rapid_CNS2/ID_106: non-cg probe annotations: MGMT=212, ch.X.79027977R=1, rs11249206=1, rs133860=1, rs1495031=1, rs6426327=1, rs966367=1
2026-09-05 12:44:59,198 INFO Rapid_CNS2/ID_106: OK schema=coverage_percentage_headerless coordinate_rows=1171796 probe_rows=763940 coverage_preserved=True total_coverage=1986691
2026-09-05 12:45:11,564 INFO Rapid_CNS2/ID_107: non-cg probe annotations: MGMT=212, ch.X.79027977R=1, rs11249206=1, rs133860=1, rs1495031=1, rs6426327=1, rs966367=1
2026-09-05 12:45:20,470 INFO Rapid_CNS2/ID_107: OK schema=coverage_percentage_headerless coordinate_rows=1516674 probe_rows=841223 coverage_preserved=True total_coverage=3886643
2026-09-05 12:45:28,646 INFO Rapid_CNS2/ID_108: non-cg probe annotations: MGMT=194, rs11249206=1, rs133860=1, rs1495031=1, rs6426327=1, rs966367=1
2026-09-05 12:45:35,583 INFO Rapid_CNS2/ID_108: OK schema=coverage_percentage_headerless coordinate_rows=1007659 probe_rows=704571 coverage_preserved=True total_coverage=1410026
2026-09-05 12:45:42,636 INFO Rapid_CNS2/ID_109: non-cg probe annotations: MGMT=212, ch.X.79027977R=1, rs11249206=1, rs133860=1, rs1495031=1, rs6426327=1, rs966367=1
2026-09-05 12:45:48,800 INFO Rapid_CNS2/ID_109: OK schema=coverage_percentage_headerless coordinate_rows=867581 probe_rows=632788 coverage_preserved=True total_coverage=1112959
2026-09-05 12:45:55,834 INFO Rapid_CNS2/ID_11: non-cg probe annotations: MGMT=106, rs11249206=1, rs133860=1, rs1495031=1
2026-09-05 12:46:03,069 INFO Rapid_CNS2/ID_11: OK schema=coverage_percentage_headerless coordinate_rows=830388 probe_rows=830283 coverage_preserved=True total_coverage=3393358
2026-09-05 12:46:10,240 INFO Rapid_CNS2/ID_110: non-cg probe annotations: MGMT=212, rs11249206=1, rs133860=1, rs1495031=1, rs6426327=1, rs966367=1
2026-09-05 12:46:16,504 INFO Rapid_CNS2/ID_110: OK schema=coverage_percentage_headerless coordinate_rows=879645 probe_rows=646946 coverage_preserved=True total_coverage=1108101
2026-09-05 12:46:24,699 INFO Rapid_CNS2/ID_111: non-cg probe annotations: MGMT=212, rs11249206=1, rs133860=1, rs1495031=1, rs6426327=1, rs966367=1
2026-09-05 12:46:31,660 INFO Rapid_CNS2/ID_111: OK schema=coverage_percentage_headerless coordinate_rows=998883 probe_rows=699935 coverage_preserved=True total_coverage=1487332
2026-09-05 12:46:40,598 INFO Rapid_CNS2/ID_112: non-cg probe annotations: MGMT=212, ch.X.79027977R=1, rs11249206=1, rs133860=1, rs1495031=1, rs6426327=1, rs966367=1
2026-09-05 12:46:48,342 INFO Rapid_CNS2/ID_112: OK schema=coverage_percentage_headerless coordinate_rows=1074963 probe_rows=719307 coverage_preserved=True total_coverage=1740866
2026-09-05 12:46:56,903 INFO Rapid_CNS2/ID_113: non-cg probe annotations: MGMT=212, rs11249206=1, rs133860=1, rs1495031=1, rs6426327=1, rs966367=1
2026-09-05 12:47:04,049 INFO Rapid_CNS2/ID_113: OK schema=coverage_percentage_headerless coordinate_rows=1024388 probe_rows=703677 coverage_preserved=True total_coverage=1571261
2026-09-05 12:47:07,779 INFO Rapid_CNS2/ID_114: non-cg probe annotations: MGMT=106, rs11249206=1, rs133860=1, rs1495031=1, rs6426327=1, rs966367=1
2026-09-05 12:47:11,732 INFO Rapid_CNS2/ID_114: OK schema=coverage_percentage_headerless coordinate_rows=438040 probe_rows=375140 coverage_preserved=True total_coverage=455494
2026-09-05 12:47:19,246 INFO Rapid_CNS2/ID_115: non-cg probe annotations: MGMT=212, ch.X.79027977R=1, rs11249206=1, rs133860=1, rs1495031=1, rs6426327=1, rs966367=1
2026-09-05 12:47:26,118 INFO Rapid_CNS2/ID_115: OK schema=coverage_percentage_headerless coordinate_rows=913670 probe_rows=663884 coverage_preserved=True total_coverage=1260869
2026-09-05 12:47:31,761 INFO Rapid_CNS2/ID_116: non-cg probe annotations: MGMT=106, rs11249206=1, rs133860=1, rs1495031=1, rs6426327=1, rs966367=1
2026-09-05 12:47:37,385 INFO Rapid_CNS2/ID_116: OK schema=coverage_percentage_headerless coordinate_rows=669727 probe_rows=527027 coverage_preserved=True total_coverage=813192
2026-09-05 12:47:46,507 INFO Rapid_CNS2/ID_118: non-cg probe annotations: MGMT=212, rs133860=1, rs1495031=1, rs6426327=1, rs966367=1
2026-09-05 12:47:54,340 INFO Rapid_CNS2/ID_118: OK schema=coverage_percentage_headerless coordinate_rows=1106570 probe_rows=747642 coverage_preserved=True total_coverage=2324289
2026-09-05 12:48:00,872 INFO Rapid_CNS2/ID_119: non-cg probe annotations: MGMT=212, rs11249206=1, rs133860=1, rs1495031=1, rs6426327=1, rs966367=1
2026-09-05 12:48:06,879 INFO Rapid_CNS2/ID_119: OK schema=coverage_percentage_headerless coordinate_rows=778097 probe_rows=592310 coverage_preserved=True total_coverage=1016512
2026-09-05 12:48:13,623 INFO Rapid_CNS2/ID_12: non-cg probe annotations: MGMT=106, rs11249206=1, rs1495031=1
2026-09-05 12:48:21,000 INFO Rapid_CNS2/ID_12: OK schema=coverage_percentage_headerless coordinate_rows=829258 probe_rows=829153 coverage_preserved=True total_coverage=3374278
2026-09-05 12:48:30,020 INFO Rapid_CNS2/ID_120: non-cg probe annotations: MGMT=212, ch.X.79027977R=1, rs11249206=1, rs133860=1, rs1495031=1, rs6426327=1, rs966367=1
2026-09-05 12:48:37,967 INFO Rapid_CNS2/ID_120: OK schema=coverage_percentage_headerless coordinate_rows=1110901 probe_rows=737844 coverage_preserved=True total_coverage=1775848
2026-09-05 12:48:46,443 INFO Rapid_CNS2/ID_121: non-cg probe annotations: MGMT=212, ch.X.79027977R=1, rs11249206=1, rs133860=1, rs1495031=1, rs6426327=1, rs966367=1
2026-09-05 12:48:53,566 INFO Rapid_CNS2/ID_121: OK schema=coverage_percentage_headerless coordinate_rows=1034953 probe_rows=714273 coverage_preserved=True total_coverage=1474939
2026-09-05 12:48:53,716 INFO cohort=Rapid_CNS2 progress: 25/300
2026-09-05 12:49:03,972 INFO Rapid_CNS2/ID_122: non-cg probe annotations: MGMT=212, rs11249206=1, rs133860=1, rs1495031=1, rs966367=1
2026-09-05 12:49:12,878 INFO Rapid_CNS2/ID_122: OK schema=coverage_percentage_headerless coordinate_rows=1280060 probe_rows=803003 coverage_preserved=True total_coverage=2911993
2026-09-05 12:49:19,960 INFO Rapid_CNS2/ID_123: non-cg probe annotations: MGMT=212, ch.X.79027977R=1, rs11249206=1, rs133860=1, rs1495031=1, rs6426327=1, rs966367=1
2026-09-05 12:49:29,092 INFO Rapid_CNS2/ID_123: OK schema=coverage_percentage_headerless coordinate_rows=831990 probe_rows=614947 coverage_preserved=True total_coverage=1080478
2026-09-05 12:49:43,084 INFO Rapid_CNS2/ID_124: non-cg probe annotations: MGMT=212, rs133860=1
2026-09-05 12:50:00,857 INFO Rapid_CNS2/ID_124: OK schema=coverage_percentage_headerless coordinate_rows=1550579 probe_rows=849459 coverage_preserved=True total_coverage=5291958
2026-09-05 12:50:15,107 INFO Rapid_CNS2/ID_125: non-cg probe annotations: MGMT=212, rs133860=1, rs1495031=1, rs966367=1
2026-09-05 12:50:33,106 INFO Rapid_CNS2/ID_125: OK schema=coverage_percentage_headerless coordinate_rows=1600676 probe_rows=855935 coverage_preserved=True total_coverage=5868773
2026-09-05 12:50:43,668 INFO Rapid_CNS2/ID_126: non-cg probe annotations: MGMT=206, rs11249206=1, rs133860=1, rs1495031=1, rs966367=1
2026-09-05 12:50:57,706 INFO Rapid_CNS2/ID_126: OK schema=coverage_percentage_headerless coordinate_rows=1178307 probe_rows=767947 coverage_preserved=True total_coverage=2456451
2026-09-05 12:51:11,918 INFO Rapid_CNS2/ID_127: non-cg probe annotations: MGMT=212, rs11249206=1, rs133860=1, rs1495031=1, rs966367=1
2026-09-05 12:51:29,652 INFO Rapid_CNS2/ID_127: OK schema=coverage_percentage_headerless coordinate_rows=1570563 probe_rows=853676 coverage_preserved=True total_coverage=4966222
2026-09-05 12:51:42,292 INFO Rapid_CNS2/ID_128: non-cg probe annotations: MGMT=212, rs11249206=1, rs133860=1, rs1495031=1, rs6426327=1
2026-09-05 12:51:51,705 INFO Rapid_CNS2/ID_128: OK schema=coverage_percentage_headerless coordinate_rows=1551426 probe_rows=849983 coverage_preserved=True total_coverage=5076510
2026-09-05 12:52:04,085 INFO Rapid_CNS2/ID_129: non-cg probe annotations: MGMT=41, rs11249206=1, rs133860=1, rs1495031=1, rs966367=1
2026-09-05 12:52:13,523 INFO Rapid_CNS2/ID_129: OK schema=coverage_percentage_headerless coordinate_rows=1556419 probe_rows=850105 coverage_preserved=True total_coverage=5052761
2026-09-05 12:52:20,462 INFO Rapid_CNS2/ID_13: non-cg probe annotations: MGMT=106, rs133860=1, rs1495031=1
2026-09-05 12:52:28,330 INFO Rapid_CNS2/ID_13: OK schema=coverage_percentage_headerless coordinate_rows=839728 probe_rows=839623 coverage_preserved=True total_coverage=3609129
2026-09-05 12:52:35,243 INFO Rapid_CNS2/ID_130: non-cg probe annotations: MGMT=110, rs1495031=1
2026-09-05 12:52:41,802 INFO Rapid_CNS2/ID_130: OK schema=coverage_percentage_headerless coordinate_rows=835043 probe_rows=626873 coverage_preserved=True total_coverage=1312843
2026-09-05 12:52:53,091 INFO Rapid_CNS2/ID_131: non-cg probe annotations: MGMT=202, rs133860=1, rs1495031=1, rs966367=1
2026-09-05 12:53:02,229 INFO Rapid_CNS2/ID_131: OK schema=coverage_percentage_headerless coordinate_rows=1377017 probe_rows=821964 coverage_preserved=True total_coverage=3514027
2026-09-05 12:53:08,289 INFO Rapid_CNS2/ID_132: non-cg probe annotations: MGMT=211, rs11249206=1, rs133860=1, rs966367=1
2026-09-05 12:53:14,816 INFO Rapid_CNS2/ID_132: OK schema=coverage_percentage_headerless coordinate_rows=714031 probe_rows=559721 coverage_preserved=True total_coverage=1098309
2026-09-05 12:53:23,958 INFO Rapid_CNS2/ID_133: non-cg probe annotations: MGMT=212, rs133860=1, rs1495031=1, rs966367=1
2026-09-05 12:53:32,257 INFO Rapid_CNS2/ID_133: OK schema=coverage_percentage_headerless coordinate_rows=1099107 probe_rows=743188 coverage_preserved=True total_coverage=2201822
2026-09-05 12:53:41,564 INFO Rapid_CNS2/ID_134: non-cg probe annotations: MGMT=212, rs11249206=1, rs133860=1, rs6426327=1, rs966367=1
2026-09-05 12:53:50,158 INFO Rapid_CNS2/ID_134: OK schema=coverage_percentage_headerless coordinate_rows=1114634 probe_rows=746906 coverage_preserved=True total_coverage=2350962
2026-09-05 12:54:02,077 INFO Rapid_CNS2/ID_135: non-cg probe annotations: MGMT=212, rs133860=1, rs1495031=1, rs966367=1
2026-09-05 12:54:15,597 INFO Rapid_CNS2/ID_135: OK schema=coverage_percentage_headerless coordinate_rows=1368820 probe_rows=819023 coverage_preserved=True total_coverage=4029611
2026-09-05 12:54:25,007 INFO Rapid_CNS2/ID_136: non-cg probe annotations: MGMT=212, rs11249206=1, rs133860=1, rs1495031=1, rs966367=1
2026-09-05 12:54:36,415 INFO Rapid_CNS2/ID_136: OK schema=coverage_percentage_headerless coordinate_rows=1061587 probe_rows=727220 coverage_preserved=True total_coverage=2192934
2026-09-05 12:54:42,264 INFO Rapid_CNS2/ID_137: non-cg probe annotations: MGMT=212, rs11249206=1, rs133860=1, rs1495031=1, rs6426327=1, rs966367=1
2026-09-05 12:54:48,723 INFO Rapid_CNS2/ID_137: OK schema=coverage_percentage_headerless coordinate_rows=665919 probe_rows=530297 coverage_preserved=True total_coverage=1017141
2026-09-05 12:54:53,097 INFO Rapid_CNS2/ID_138: non-cg probe annotations: MGMT=204, rs133860=1, rs966367=1
2026-09-05 12:54:58,364 INFO Rapid_CNS2/ID_138: OK schema=coverage_percentage_headerless coordinate_rows=511252 probe_rows=426746 coverage_preserved=True total_coverage=704991
2026-09-05 12:55:01,222 INFO Rapid_CNS2/ID_139: non-cg probe annotations: MGMT=105, rs133860=1, rs966367=1
2026-09-05 12:55:04,739 INFO Rapid_CNS2/ID_139: OK schema=coverage_percentage_headerless coordinate_rows=332098 probe_rows=294350 coverage_preserved=True total_coverage=418951
2026-09-05 12:55:11,751 INFO Rapid_CNS2/ID_14: non-cg probe annotations: MGMT=106, rs11249206=1, rs133860=1, rs1495031=1, rs966367=1
2026-09-05 12:55:19,980 INFO Rapid_CNS2/ID_14: OK schema=coverage_percentage_headerless coordinate_rows=830672 probe_rows=830567 coverage_preserved=True total_coverage=3376133
2026-09-05 12:55:24,466 INFO Rapid_CNS2/ID_140: non-cg probe annotations: MGMT=212, rs133860=1, rs966367=1
2026-09-05 12:55:29,772 INFO Rapid_CNS2/ID_140: OK schema=coverage_percentage_headerless coordinate_rows=518135 probe_rows=433104 coverage_preserved=True total_coverage=724388
2026-09-05 12:55:35,382 INFO Rapid_CNS2/ID_141: non-cg probe annotations: MGMT=211, rs11249206=1, rs133860=1, rs1495031=1
2026-09-05 12:55:41,738 INFO Rapid_CNS2/ID_141: OK schema=coverage_percentage_headerless coordinate_rows=668001 probe_rows=531577 coverage_preserved=True total_coverage=1025397
2026-09-05 12:55:47,591 INFO Rapid_CNS2/ID_142: non-cg probe annotations: MGMT=212, rs133860=1
2026-09-05 12:55:54,054 INFO Rapid_CNS2/ID_142: OK schema=coverage_percentage_headerless coordinate_rows=694689 probe_rows=543495 coverage_preserved=True total_coverage=1092828
2026-09-05 12:56:03,124 INFO Rapid_CNS2/ID_143: non-cg probe annotations: MGMT=212, rs11249206=1, rs133860=1, rs1495031=1, rs6426327=1, rs966367=1
2026-09-05 12:56:11,252 INFO Rapid_CNS2/ID_143: OK schema=coverage_percentage_headerless coordinate_rows=1098911 probe_rows=743475 coverage_preserved=True total_coverage=2274730
2026-09-05 12:56:23,689 INFO Rapid_CNS2/ID_144: non-cg probe annotations: MGMT=212, rs11249206=1, rs133860=1, rs1495031=1, rs6426327=1
2026-09-05 12:56:33,308 INFO Rapid_CNS2/ID_144: OK schema=coverage_percentage_headerless coordinate_rows=1530741 probe_rows=847127 coverage_preserved=True total_coverage=5347741
2026-09-05 12:56:33,520 INFO cohort=Rapid_CNS2 progress: 50/300
2026-09-05 12:56:35,569 INFO Rapid_CNS2/ID_145: non-cg probe annotations: MGMT=59, rs6426327=1, rs966367=1
2026-09-05 12:56:38,018 INFO Rapid_CNS2/ID_145: OK schema=coverage_percentage_headerless coordinate_rows=249273 probe_rows=228262 coverage_preserved=True total_coverage=300805
2026-09-05 12:56:47,720 INFO Rapid_CNS2/ID_146: non-cg probe annotations: MGMT=212, rs11249206=1, rs133860=1, rs1495031=1, rs966367=1
2026-09-05 12:56:56,277 INFO Rapid_CNS2/ID_146: OK schema=coverage_percentage_headerless coordinate_rows=1179126 probe_rows=768700 coverage_preserved=True total_coverage=2730761
2026-09-05 12:57:10,414 INFO Rapid_CNS2/ID_147: non-cg probe annotations: MGMT=181, rs11249206=1, rs133860=1, rs1495031=1, rs966367=1
2026-09-05 12:57:22,632 INFO Rapid_CNS2/ID_147: OK schema=coverage_percentage_headerless coordinate_rows=1608320 probe_rows=854550 coverage_preserved=True total_coverage=7358333
2026-09-05 12:57:33,006 INFO Rapid_CNS2/ID_148: non-cg probe annotations: MGMT=212, rs133860=1, rs1495031=1, rs966367=1
2026-09-05 12:57:47,141 INFO Rapid_CNS2/ID_148: OK schema=coverage_percentage_headerless coordinate_rows=1192204 probe_rows=769565 coverage_preserved=True total_coverage=2717574
2026-09-05 12:57:59,769 INFO Rapid_CNS2/ID_149: non-cg probe annotations: MGMT=212, rs11249206=1, rs133860=1, rs1495031=1, rs966367=1
2026-09-05 12:58:16,052 INFO Rapid_CNS2/ID_149: OK schema=coverage_percentage_headerless coordinate_rows=1385920 probe_rows=825061 coverage_preserved=True total_coverage=3994612
2026-09-05 12:58:22,498 INFO Rapid_CNS2/ID_15: non-cg probe annotations: MGMT=106, rs11249206=1, rs133860=1
2026-09-05 12:58:30,229 INFO Rapid_CNS2/ID_15: OK schema=coverage_percentage_headerless coordinate_rows=745781 probe_rows=745676 coverage_preserved=True total_coverage=2190359
2026-09-05 12:58:42,253 INFO Rapid_CNS2/ID_150: non-cg probe annotations: MGMT=212, rs133860=1, rs1495031=1, rs966367=1
2026-09-05 12:58:52,355 INFO Rapid_CNS2/ID_150: OK schema=coverage_percentage_headerless coordinate_rows=1459164 probe_rows=837387 coverage_preserved=True total_coverage=4272197
2026-09-05 12:59:02,249 INFO Rapid_CNS2/ID_151: non-cg probe annotations: MGMT=212, rs11249206=1, rs133860=1, rs1495031=1
2026-09-05 12:59:11,065 INFO Rapid_CNS2/ID_151: OK schema=coverage_percentage_headerless coordinate_rows=1190890 probe_rows=774573 coverage_preserved=True total_coverage=2672291
2026-09-05 12:59:20,039 INFO Rapid_CNS2/ID_152: non-cg probe annotations: MGMT=212, rs11249206=1, rs133860=1, rs1495031=1
2026-09-05 12:59:28,360 INFO Rapid_CNS2/ID_152: OK schema=coverage_percentage_headerless coordinate_rows=1063849 probe_rows=725436 coverage_preserved=True total_coverage=2144044
2026-09-05 12:59:35,225 INFO Rapid_CNS2/ID_153: non-cg probe annotations: MGMT=212, rs133860=1, rs1495031=1, rs6426327=1, rs966367=1
2026-09-05 12:59:41,883 INFO Rapid_CNS2/ID_153: OK schema=coverage_percentage_headerless coordinate_rows=811151 probe_rows=610633 coverage_preserved=True total_coverage=1384162
2026-09-05 12:59:47,836 INFO Rapid_CNS2/ID_154: non-cg probe annotations: MGMT=100, rs11249206=1, rs133860=1, rs1495031=1, rs966367=1
2026-09-05 12:59:54,226 INFO Rapid_CNS2/ID_154: OK schema=coverage_percentage_headerless coordinate_rows=705044 probe_rows=545653 coverage_preserved=True total_coverage=1123468
2026-09-05 13:00:02,455 INFO Rapid_CNS2/ID_155: non-cg probe annotations: MGMT=205, rs11249206=1, rs133860=1, rs1495031=1, rs6426327=1, rs966367=1
2026-09-05 13:00:10,130 INFO Rapid_CNS2/ID_155: OK schema=coverage_percentage_headerless coordinate_rows=1009348 probe_rows=704963 coverage_preserved=True total_coverage=1909193
2026-09-05 13:00:14,061 INFO Rapid_CNS2/ID_156: non-cg probe annotations: MGMT=199, rs1495031=1
2026-09-05 13:00:19,133 INFO Rapid_CNS2/ID_156: OK schema=coverage_percentage_headerless coordinate_rows=444663 probe_rows=381929 coverage_preserved=True total_coverage=585166
2026-09-05 13:00:25,193 INFO Rapid_CNS2/ID_157: non-cg probe annotations: MGMT=206, rs11249206=1, rs133860=1, rs6426327=1, rs966367=1
2026-09-05 13:00:33,919 INFO Rapid_CNS2/ID_157: OK schema=coverage_percentage_headerless coordinate_rows=686567 probe_rows=542243 coverage_preserved=True total_coverage=1024521
2026-09-05 13:00:39,775 INFO Rapid_CNS2/ID_158: non-cg probe annotations: MGMT=104, rs11249206=1, rs1495031=1, rs6426327=1, rs966367=1
2026-09-05 13:00:47,831 INFO Rapid_CNS2/ID_158: OK schema=coverage_percentage_headerless coordinate_rows=661563 probe_rows=526030 coverage_preserved=True total_coverage=1008589
2026-09-05 13:00:53,733 INFO Rapid_CNS2/ID_159: non-cg probe annotations: MGMT=212, rs11249206=1, rs133860=1, rs1495031=1, rs6426327=1, rs966367=1
2026-09-05 13:01:01,604 INFO Rapid_CNS2/ID_159: OK schema=coverage_percentage_headerless coordinate_rows=670106 probe_rows=530870 coverage_preserved=True total_coverage=1025918
2026-09-05 13:01:08,197 INFO Rapid_CNS2/ID_16: non-cg probe annotations: MGMT=106, rs133860=1, rs1495031=1, rs966367=1
2026-09-05 13:01:19,265 INFO Rapid_CNS2/ID_16: OK schema=coverage_percentage_headerless coordinate_rows=757014 probe_rows=756909 coverage_preserved=True total_coverage=2027952
2026-09-05 13:01:28,419 INFO Rapid_CNS2/ID_160: non-cg probe annotations: MGMT=212, rs133860=1, rs1495031=1, rs966367=1
2026-09-05 13:01:40,454 INFO Rapid_CNS2/ID_160: OK schema=coverage_percentage_headerless coordinate_rows=1038283 probe_rows=717848 coverage_preserved=True total_coverage=2026369
2026-09-05 13:01:50,783 INFO Rapid_CNS2/ID_161: non-cg probe annotations: MGMT=212, rs11249206=1, rs133860=1, rs1495031=1, rs966367=1
2026-09-05 13:02:04,225 INFO Rapid_CNS2/ID_161: OK schema=coverage_percentage_headerless coordinate_rows=1163086 probe_rows=761324 coverage_preserved=True total_coverage=2439057
2026-09-05 13:02:15,868 INFO Rapid_CNS2/ID_162: non-cg probe annotations: MGMT=212, rs11249206=1, rs133860=1, rs1495031=1, rs6426327=1, rs966367=1
2026-09-05 13:02:31,085 INFO Rapid_CNS2/ID_162: OK schema=coverage_percentage_headerless coordinate_rows=1283763 probe_rows=801379 coverage_preserved=True total_coverage=3049534
2026-09-05 13:02:37,283 INFO Rapid_CNS2/ID_163: non-cg probe annotations: MGMT=115, rs11249206=1, rs133860=1
2026-09-05 13:02:45,671 INFO Rapid_CNS2/ID_163: OK schema=coverage_percentage_headerless coordinate_rows=675082 probe_rows=535777 coverage_preserved=True total_coverage=1009533
2026-09-05 13:02:55,115 INFO Rapid_CNS2/ID_164: non-cg probe annotations: MGMT=212, rs11249206=1, rs133860=1, rs1495031=1, rs966367=1
2026-09-05 13:03:07,138 INFO Rapid_CNS2/ID_164: OK schema=coverage_percentage_headerless coordinate_rows=1054320 probe_rows=726817 coverage_preserved=True total_coverage=2045578
2026-09-05 13:03:16,940 INFO Rapid_CNS2/ID_165: non-cg probe annotations: MGMT=211, rs1495031=1
2026-09-05 13:03:29,944 INFO Rapid_CNS2/ID_165: OK schema=coverage_percentage_headerless coordinate_rows=1114179 probe_rows=748139 coverage_preserved=True total_coverage=2244833
2026-09-05 13:03:34,655 INFO Rapid_CNS2/ID_166: non-cg probe annotations: MGMT=211, rs133860=1, rs1495031=1, rs966367=1
2026-09-05 13:03:41,033 INFO Rapid_CNS2/ID_166: OK schema=coverage_percentage_headerless coordinate_rows=519174 probe_rows=435193 coverage_preserved=True total_coverage=720346
2026-09-05 13:03:50,000 INFO Rapid_CNS2/ID_167: non-cg probe annotations: MGMT=212, rs133860=1, rs1495031=1, rs966367=1
2026-09-05 13:04:02,434 INFO Rapid_CNS2/ID_167: OK schema=coverage_percentage_headerless coordinate_rows=1030632 probe_rows=713403 coverage_preserved=True total_coverage=2069020
2026-09-05 13:04:02,742 INFO cohort=Rapid_CNS2 progress: 75/300
2026-09-05 13:04:09,632 INFO Rapid_CNS2/ID_168: non-cg probe annotations: MGMT=211, rs11249206=1, rs1495031=1, rs966367=1
2026-09-05 13:04:19,928 INFO Rapid_CNS2/ID_168: OK schema=coverage_percentage_headerless coordinate_rows=770007 probe_rows=590292 coverage_preserved=True total_coverage=1215303
2026-09-05 13:04:28,052 INFO Rapid_CNS2/ID_169: non-cg probe annotations: MGMT=212, rs11249206=1, rs1495031=1, rs966367=1
2026-09-05 13:04:35,987 INFO Rapid_CNS2/ID_169: OK schema=coverage_percentage_headerless coordinate_rows=983592 probe_rows=697465 coverage_preserved=True total_coverage=1852751
2026-09-05 13:04:42,673 INFO Rapid_CNS2/ID_17: non-cg probe annotations: MGMT=106, rs11249206=1, rs133860=1, rs1495031=1, rs966367=1
2026-09-05 13:04:51,914 INFO Rapid_CNS2/ID_17: OK schema=coverage_percentage_headerless coordinate_rows=803438 probe_rows=803333 coverage_preserved=True total_coverage=2689965
2026-09-05 13:04:58,405 INFO Rapid_CNS2/ID_170: non-cg probe annotations: MGMT=199, rs133860=1, rs1495031=1
2026-09-05 13:05:05,600 INFO Rapid_CNS2/ID_170: OK schema=coverage_percentage_headerless coordinate_rows=766181 probe_rows=586944 coverage_preserved=True total_coverage=1196131
2026-09-05 13:05:15,264 INFO Rapid_CNS2/ID_171: non-cg probe annotations: MGMT=212, rs11249206=1, rs133860=1, rs1495031=1, rs966367=1
2026-09-05 13:05:24,238 INFO Rapid_CNS2/ID_171: OK schema=coverage_percentage_headerless coordinate_rows=1157060 probe_rows=764252 coverage_preserved=True total_coverage=2380149
2026-09-05 13:05:33,033 INFO Rapid_CNS2/ID_172: non-cg probe annotations: MGMT=212, rs11249206=1, rs133860=1, rs966367=1
2026-09-05 13:05:41,364 INFO Rapid_CNS2/ID_172: OK schema=coverage_percentage_headerless coordinate_rows=1039333 probe_rows=719768 coverage_preserved=True total_coverage=2020414
2026-09-05 13:05:49,588 INFO Rapid_CNS2/ID_173: non-cg probe annotations: MGMT=212, rs133860=1, rs1495031=1
2026-09-05 13:05:57,395 INFO Rapid_CNS2/ID_173: OK schema=coverage_percentage_headerless coordinate_rows=970591 probe_rows=691269 coverage_preserved=True total_coverage=1799527
2026-09-05 13:06:02,560 INFO Rapid_CNS2/ID_174: non-cg probe annotations: MGMT=106, rs133860=1, rs1495031=1
2026-09-05 13:06:08,734 INFO Rapid_CNS2/ID_174: OK schema=coverage_percentage_headerless coordinate_rows=606974 probe_rows=490753 coverage_preserved=True total_coverage=944256
2026-09-05 13:06:14,227 INFO Rapid_CNS2/ID_175: non-cg probe annotations: MGMT=210, rs1495031=1, rs6426327=1, rs966367=1
2026-09-05 13:06:20,689 INFO Rapid_CNS2/ID_175: OK schema=coverage_percentage_headerless coordinate_rows=660661 probe_rows=527157 coverage_preserved=True total_coverage=997741
2026-09-05 13:06:25,395 INFO Rapid_CNS2/ID_176: non-cg probe annotations: MGMT=210, rs133860=1
2026-09-05 13:06:31,327 INFO Rapid_CNS2/ID_176: OK schema=coverage_percentage_headerless coordinate_rows=555873 probe_rows=459719 coverage_preserved=True total_coverage=784517
2026-09-05 13:06:38,509 INFO Rapid_CNS2/ID_177: non-cg probe annotations: MGMT=212, rs11249206=1, rs133860=1, rs1495031=1, rs966367=1
2026-09-05 13:06:45,953 INFO Rapid_CNS2/ID_177: OK schema=coverage_percentage_headerless coordinate_rows=872056 probe_rows=642698 coverage_preserved=True total_coverage=1432775
2026-09-05 13:06:48,414 INFO Rapid_CNS2/ID_178: non-cg probe annotations: MGMT=106, rs1495031=1, rs6426327=1, rs966367=1
2026-09-05 13:06:51,201 INFO Rapid_CNS2/ID_178: OK schema=coverage_percentage_headerless coordinate_rows=275311 probe_rows=249798 coverage_preserved=True total_coverage=336648
2026-09-05 13:06:55,393 INFO Rapid_CNS2/ID_179: non-cg probe annotations: MGMT=211, rs11249206=1, rs133860=1, rs1495031=1, rs966367=1
2026-09-05 13:07:00,968 INFO Rapid_CNS2/ID_179: OK schema=coverage_percentage_headerless coordinate_rows=496771 probe_rows=411256 coverage_preserved=True total_coverage=638622
2026-09-05 13:07:07,905 INFO Rapid_CNS2/ID_18: non-cg probe annotations: MGMT=106, rs11249206=1, rs133860=1, rs1495031=1
2026-09-05 13:07:16,714 INFO Rapid_CNS2/ID_18: OK schema=coverage_percentage_headerless coordinate_rows=824545 probe_rows=824440 coverage_preserved=True total_coverage=3156333
2026-09-05 13:07:20,884 INFO Rapid_CNS2/ID_180: non-cg probe annotations: MGMT=29
2026-09-05 13:07:26,385 INFO Rapid_CNS2/ID_180: OK schema=coverage_percentage_headerless coordinate_rows=480816 probe_rows=410451 coverage_preserved=True total_coverage=590937
2026-09-05 13:07:34,351 INFO Rapid_CNS2/ID_181: non-cg probe annotations: MGMT=212, rs133860=1, rs1495031=1, rs966367=1
2026-09-05 13:07:42,459 INFO Rapid_CNS2/ID_181: OK schema=coverage_percentage_headerless coordinate_rows=957029 probe_rows=680799 coverage_preserved=True total_coverage=1644275
2026-09-05 13:07:50,593 INFO Rapid_CNS2/ID_182: non-cg probe annotations: MGMT=209, rs11249206=1, rs133860=1, rs1495031=1, rs966367=1
2026-09-05 13:07:58,398 INFO Rapid_CNS2/ID_182: OK schema=coverage_percentage_headerless coordinate_rows=965849 probe_rows=685083 coverage_preserved=True total_coverage=1603765
2026-09-05 13:08:03,076 INFO Rapid_CNS2/ID_183: non-cg probe annotations: MGMT=210, rs11249206=1, rs133860=1, rs1495031=1, rs6426327=1, rs966367=1
2026-09-05 13:08:08,894 INFO Rapid_CNS2/ID_183: OK schema=coverage_percentage_headerless coordinate_rows=550787 probe_rows=455692 coverage_preserved=True total_coverage=742303
2026-09-05 13:08:16,647 INFO Rapid_CNS2/ID_184: non-cg probe annotations: MGMT=212, rs11249206=1, rs133860=1, rs1495031=1, rs6426327=1, rs966367=1
2026-09-05 13:08:24,444 INFO Rapid_CNS2/ID_184: OK schema=coverage_percentage_headerless coordinate_rows=940339 probe_rows=672953 coverage_preserved=True total_coverage=1558518
2026-09-05 13:08:31,045 INFO Rapid_CNS2/ID_185: non-cg probe annotations: MGMT=212, rs11249206=1, rs133860=1, rs1495031=1, rs6426327=1
2026-09-05 13:08:38,240 INFO Rapid_CNS2/ID_185: OK schema=coverage_percentage_headerless coordinate_rows=799296 probe_rows=603491 coverage_preserved=True total_coverage=1224636
2026-09-05 13:08:46,740 INFO Rapid_CNS2/ID_186: non-cg probe annotations: MGMT=212, rs11249206=1, rs133860=1, rs1495031=1, rs6426327=1, rs966367=1
2026-09-05 13:08:54,819 INFO Rapid_CNS2/ID_186: OK schema=coverage_percentage_headerless coordinate_rows=1037095 probe_rows=715318 coverage_preserved=True total_coverage=1840674
2026-09-05 13:09:03,494 INFO Rapid_CNS2/ID_187: non-cg probe annotations: MGMT=212, rs11249206=1, rs133860=1, rs1495031=1
2026-09-05 13:09:11,565 INFO Rapid_CNS2/ID_187: OK schema=coverage_percentage_headerless coordinate_rows=1079878 probe_rows=731878 coverage_preserved=True total_coverage=1937775
2026-09-05 13:09:17,850 INFO Rapid_CNS2/ID_188: non-cg probe annotations: MGMT=106, rs11249206=1, rs133860=1, rs1495031=1, rs6426327=1, rs966367=1
2026-09-05 13:09:24,684 INFO Rapid_CNS2/ID_188: OK schema=coverage_percentage_headerless coordinate_rows=774560 probe_rows=587767 coverage_preserved=True total_coverage=1145285
2026-09-05 13:09:29,432 INFO Rapid_CNS2/ID_189: non-cg probe annotations: MGMT=210, rs133860=1, rs1495031=1, rs6426327=1
2026-09-05 13:09:35,298 INFO Rapid_CNS2/ID_189: OK schema=coverage_percentage_headerless coordinate_rows=581349 probe_rows=476687 coverage_preserved=True total_coverage=787457
2026-09-05 13:09:41,762 INFO Rapid_CNS2/ID_19: non-cg probe annotations: MGMT=106, rs11249206=1, rs133860=1, rs1495031=1
2026-09-05 13:09:50,351 INFO Rapid_CNS2/ID_19: OK schema=coverage_percentage_headerless coordinate_rows=796387 probe_rows=796282 coverage_preserved=True total_coverage=2491336
2026-09-05 13:09:50,522 INFO cohort=Rapid_CNS2 progress: 100/300
2026-09-05 13:09:56,980 INFO Rapid_CNS2/ID_190: non-cg probe annotations: MGMT=212, rs11249206=1, rs133860=1, rs1495031=1
2026-09-05 13:10:04,140 INFO Rapid_CNS2/ID_190: OK schema=coverage_percentage_headerless coordinate_rows=789836 probe_rows=600397 coverage_preserved=True total_coverage=1206706
2026-09-05 13:10:09,703 INFO Rapid_CNS2/ID_191: non-cg probe annotations: MGMT=212, rs11249206=1, rs133860=1, rs1495031=1, rs966367=1
2026-09-05 13:10:16,425 INFO Rapid_CNS2/ID_191: OK schema=coverage_percentage_headerless coordinate_rows=659644 probe_rows=520925 coverage_preserved=True total_coverage=953492
2026-09-05 13:10:23,900 INFO Rapid_CNS2/ID_192: non-cg probe annotations: MGMT=212, rs11249206=1, rs133860=1, rs966367=1
2026-09-05 13:10:32,014 INFO Rapid_CNS2/ID_192: OK schema=coverage_percentage_headerless coordinate_rows=894363 probe_rows=652290 coverage_preserved=True total_coverage=1435289
2026-09-05 13:10:39,235 INFO Rapid_CNS2/ID_193: non-cg probe annotations: MGMT=211, rs11249206=1, rs133860=1, rs966367=1
2026-09-05 13:10:49,573 INFO Rapid_CNS2/ID_193: OK schema=coverage_percentage_headerless coordinate_rows=799786 probe_rows=602986 coverage_preserved=True total_coverage=1205491
2026-09-05 13:10:52,139 INFO Rapid_CNS2/ID_194: non-cg probe annotations: MGMT=162, rs133860=1, rs6426327=1, rs966367=1
2026-09-05 13:10:54,917 INFO Rapid_CNS2/ID_194: OK schema=coverage_percentage_headerless coordinate_rows=292121 probe_rows=262232 coverage_preserved=True total_coverage=346680
2026-09-05 13:11:02,918 INFO Rapid_CNS2/ID_195: non-cg probe annotations: MGMT=212, rs133860=1
2026-09-05 13:11:10,839 INFO Rapid_CNS2/ID_195: OK schema=coverage_percentage_headerless coordinate_rows=994722 probe_rows=697304 coverage_preserved=True total_coverage=1693322
2026-09-05 13:11:22,296 INFO Rapid_CNS2/ID_196: non-cg probe annotations: MGMT=212, rs11249206=2, rs133860=1, rs6426327=2
2026-09-05 13:11:31,015 INFO Rapid_CNS2/ID_196: OK schema=coverage_percentage_headerless coordinate_rows=1404083 probe_rows=716112 coverage_preserved=True total_coverage=2471133
2026-09-05 13:11:39,665 INFO Rapid_CNS2/ID_197: non-cg probe annotations: MGMT=212, rs11249206=1, rs133860=1, rs1495031=1, rs966367=1
2026-09-05 13:11:47,697 INFO Rapid_CNS2/ID_197: OK schema=coverage_percentage_headerless coordinate_rows=1051900 probe_rows=719387 coverage_preserved=True total_coverage=1856346
2026-09-05 13:11:53,483 INFO Rapid_CNS2/ID_198: non-cg probe annotations: MGMT=212, rs11249206=1, rs133860=1
2026-09-05 13:12:00,351 INFO Rapid_CNS2/ID_198: OK schema=coverage_percentage_headerless coordinate_rows=681439 probe_rows=538915 coverage_preserved=True total_coverage=1013584
2026-09-05 13:12:05,505 INFO Rapid_CNS2/ID_199: non-cg probe annotations: MGMT=212, rs11249206=1, rs133860=1, rs1495031=1, rs966367=1
2026-09-05 13:12:11,990 INFO Rapid_CNS2/ID_199: OK schema=coverage_percentage_headerless coordinate_rows=602105 probe_rows=489754 coverage_preserved=True total_coverage=824726
2026-09-05 13:12:18,295 INFO Rapid_CNS2/ID_2: non-cg probe annotations: MGMT=106, rs133860=1, rs1495031=1
2026-09-05 13:12:26,625 INFO Rapid_CNS2/ID_2: OK schema=coverage_percentage_headerless coordinate_rows=746927 probe_rows=746822 coverage_preserved=True total_coverage=1953859
2026-09-05 13:12:32,747 INFO Rapid_CNS2/ID_20: non-cg probe annotations: MGMT=106, rs11249206=1, rs133860=1
2026-09-05 13:12:40,726 INFO Rapid_CNS2/ID_20: OK schema=coverage_percentage_headerless coordinate_rows=737099 probe_rows=736994 coverage_preserved=True total_coverage=1909221
2026-09-05 13:12:49,512 INFO Rapid_CNS2/ID_200: non-cg probe annotations: MGMT=212, rs11249206=1, rs133860=1, rs1495031=1, rs6426327=1
2026-09-05 13:12:57,567 INFO Rapid_CNS2/ID_200: OK schema=coverage_percentage_headerless coordinate_rows=1047408 probe_rows=714468 coverage_preserved=True total_coverage=1877644
2026-09-05 13:13:06,021 INFO Rapid_CNS2/ID_201: non-cg probe annotations: MGMT=212, rs133860=1, rs1495031=1
2026-09-05 13:13:14,050 INFO Rapid_CNS2/ID_201: OK schema=coverage_percentage_headerless coordinate_rows=1007959 probe_rows=699978 coverage_preserved=True total_coverage=1793989
2026-09-05 13:13:22,431 INFO Rapid_CNS2/ID_202: non-cg probe annotations: MGMT=212, rs133860=1, rs1495031=1, rs966367=1
2026-09-05 13:13:30,321 INFO Rapid_CNS2/ID_202: OK schema=coverage_percentage_headerless coordinate_rows=994308 probe_rows=696002 coverage_preserved=True total_coverage=1781214
2026-09-05 13:13:38,625 INFO Rapid_CNS2/ID_203: non-cg probe annotations: MGMT=211, rs11249206=1, rs133860=1, rs1495031=1, rs6426327=1
2026-09-05 13:13:46,680 INFO Rapid_CNS2/ID_203: OK schema=coverage_percentage_headerless coordinate_rows=1022304 probe_rows=706713 coverage_preserved=True total_coverage=1743167
2026-09-05 13:13:53,366 INFO Rapid_CNS2/ID_204: non-cg probe annotations: MGMT=211, rs133860=1, rs1495031=1, rs6426327=1, rs966367=1
2026-09-05 13:14:00,900 INFO Rapid_CNS2/ID_204: OK schema=coverage_percentage_headerless coordinate_rows=778074 probe_rows=591772 coverage_preserved=True total_coverage=1205476
2026-09-05 13:14:06,607 INFO Rapid_CNS2/ID_205: non-cg probe annotations: MGMT=212, rs11249206=1, rs133860=1, rs1495031=1, rs966367=1
2026-09-05 13:14:13,250 INFO Rapid_CNS2/ID_205: OK schema=coverage_percentage coordinate_rows=652389 probe_rows=521852 coverage_preserved=True total_coverage=924354
2026-09-05 13:14:22,405 INFO Rapid_CNS2/ID_206: non-cg probe annotations: MGMT=211, rs11249206=1, rs133860=1, rs966367=1
2026-09-05 13:14:33,019 INFO Rapid_CNS2/ID_206: OK schema=coverage_percentage coordinate_rows=1062877 probe_rows=726682 coverage_preserved=True total_coverage=1813252
2026-09-05 13:14:41,133 INFO Rapid_CNS2/ID_207: non-cg probe annotations: MGMT=212, rs11249206=1, rs133860=1, rs1495031=1, rs966367=1
2026-09-05 13:14:49,965 INFO Rapid_CNS2/ID_207: OK schema=coverage_percentage coordinate_rows=946169 probe_rows=673908 coverage_preserved=True total_coverage=1574037
2026-09-05 13:14:55,411 INFO Rapid_CNS2/ID_208: non-cg probe annotations: MGMT=205, rs11249206=1, rs133860=1, rs1495031=1, rs966367=1
2026-09-05 13:15:02,426 INFO Rapid_CNS2/ID_208: OK schema=coverage_percentage coordinate_rows=631155 probe_rows=503335 coverage_preserved=True total_coverage=882349
2026-09-05 13:15:10,844 INFO Rapid_CNS2/ID_209: non-cg probe annotations: MGMT=212, rs11249206=1, rs133860=1, rs1495031=1, rs966367=1
2026-09-05 13:15:20,330 INFO Rapid_CNS2/ID_209: OK schema=coverage_percentage_headerless coordinate_rows=1005717 probe_rows=703677 coverage_preserved=True total_coverage=1734901
2026-09-05 13:15:27,391 INFO Rapid_CNS2/ID_21: non-cg probe annotations: MGMT=106, rs11249206=1, rs133860=1, rs1495031=1, rs966367=1
2026-09-05 13:15:37,115 INFO Rapid_CNS2/ID_21: OK schema=coverage_percentage_headerless coordinate_rows=819562 probe_rows=819457 coverage_preserved=True total_coverage=3342518
2026-09-05 13:15:46,408 INFO Rapid_CNS2/ID_210: non-cg probe annotations: MGMT=106, rs11249206=1
2026-09-05 13:15:56,462 INFO Rapid_CNS2/ID_210: OK schema=coverage_percentage_headerless coordinate_rows=1101681 probe_rows=734989 coverage_preserved=True total_coverage=2082506
2026-09-05 13:16:04,975 INFO Rapid_CNS2/ID_211: non-cg probe annotations: MGMT=212, rs11249206=1, rs133860=1, rs6426327=1, rs966367=1
2026-09-05 13:16:14,551 INFO Rapid_CNS2/ID_211: OK schema=coverage_percentage_headerless coordinate_rows=1007129 probe_rows=703250 coverage_preserved=True total_coverage=1739796
2026-09-05 13:16:14,763 INFO cohort=Rapid_CNS2 progress: 125/300
2026-09-05 13:16:23,804 INFO Rapid_CNS2/ID_212: non-cg probe annotations: MGMT=212, rs11249206=1, rs133860=1, rs1495031=1
2026-09-05 13:16:34,062 INFO Rapid_CNS2/ID_212: OK schema=coverage_percentage_headerless coordinate_rows=1088958 probe_rows=734268 coverage_preserved=True total_coverage=1915865
2026-09-05 13:16:42,460 INFO Rapid_CNS2/ID_213: non-cg probe annotations: MGMT=212, rs11249206=1, rs133860=1
2026-09-05 13:16:51,622 INFO Rapid_CNS2/ID_213: OK schema=coverage_percentage_headerless coordinate_rows=989123 probe_rows=697329 coverage_preserved=True total_coverage=1615787
2026-09-05 13:17:00,321 INFO Rapid_CNS2/ID_214: non-cg probe annotations: MGMT=212, rs133860=1
2026-09-05 13:17:09,838 INFO Rapid_CNS2/ID_214: OK schema=coverage_percentage_headerless coordinate_rows=1035716 probe_rows=712650 coverage_preserved=True total_coverage=1801705
2026-09-05 13:17:19,324 INFO Rapid_CNS2/ID_215: non-cg probe annotations: MGMT=209, rs11249206=1, rs133860=1, rs1495031=1
2026-09-05 13:17:29,338 INFO Rapid_CNS2/ID_215: OK schema=coverage_percentage_headerless coordinate_rows=1128535 probe_rows=744799 coverage_preserved=True total_coverage=2127308
2026-09-05 13:17:39,964 INFO Rapid_CNS2/ID_216: non-cg probe annotations: MGMT=212, rs133860=1, rs1495031=1
2026-09-05 13:17:50,690 INFO Rapid_CNS2/ID_216: OK schema=coverage_percentage_headerless coordinate_rows=1270983 probe_rows=792343 coverage_preserved=True total_coverage=2632550
2026-09-05 13:17:58,570 INFO Rapid_CNS2/ID_217: non-cg probe annotations: MGMT=212, rs11249206=1, rs133860=1
2026-09-05 13:18:07,733 INFO Rapid_CNS2/ID_217: OK schema=coverage_percentage_headerless coordinate_rows=934713 probe_rows=669587 coverage_preserved=True total_coverage=1566549
2026-09-05 13:18:16,919 INFO Rapid_CNS2/ID_218: non-cg probe annotations: MGMT=212, rs11249206=1, rs133860=1, rs1495031=1, rs966367=1
2026-09-05 13:18:27,000 INFO Rapid_CNS2/ID_218: OK schema=coverage_percentage_headerless coordinate_rows=1101702 probe_rows=736817 coverage_preserved=True total_coverage=2091133
2026-09-05 13:18:35,234 INFO Rapid_CNS2/ID_219: non-cg probe annotations: MGMT=204, rs133860=1, rs1495031=1
2026-09-05 13:18:44,373 INFO Rapid_CNS2/ID_219: OK schema=coverage_percentage_headerless coordinate_rows=956088 probe_rows=680537 coverage_preserved=True total_coverage=1604205
2026-09-05 13:18:51,213 INFO Rapid_CNS2/ID_22: non-cg probe annotations: MGMT=106, rs11249206=1, rs133860=1, rs966367=1
2026-09-05 13:19:01,531 INFO Rapid_CNS2/ID_22: OK schema=coverage_percentage_headerless coordinate_rows=776516 probe_rows=776411 coverage_preserved=True total_coverage=2338206
2026-09-05 13:19:10,855 INFO Rapid_CNS2/ID_220: non-cg probe annotations: MGMT=212, rs11249206=1, rs133860=1
2026-09-05 13:19:21,279 INFO Rapid_CNS2/ID_220: OK schema=coverage_percentage_headerless coordinate_rows=1088519 probe_rows=734976 coverage_preserved=True total_coverage=1941104
2026-09-05 13:19:30,694 INFO Rapid_CNS2/ID_221: non-cg probe annotations: MGMT=212, rs11249206=1, rs133860=1, rs1495031=1
2026-09-05 13:19:41,127 INFO Rapid_CNS2/ID_221: OK schema=coverage_percentage_headerless coordinate_rows=1092020 probe_rows=732111 coverage_preserved=True total_coverage=2006360
2026-09-05 13:19:49,396 INFO Rapid_CNS2/ID_222: non-cg probe annotations: MGMT=212, rs11249206=1, rs133860=1, rs1495031=1, rs966367=1
2026-09-05 13:19:59,087 INFO Rapid_CNS2/ID_222: OK schema=coverage_percentage_headerless coordinate_rows=947602 probe_rows=679432 coverage_preserved=True total_coverage=1575717
2026-09-05 13:20:05,825 INFO Rapid_CNS2/ID_223: non-cg probe annotations: MGMT=209, rs11249206=1, rs133860=1, rs966367=1
2026-09-05 13:20:14,552 INFO Rapid_CNS2/ID_223: OK schema=coverage_percentage_headerless coordinate_rows=767782 probe_rows=587483 coverage_preserved=True total_coverage=1126988
2026-09-05 13:20:23,061 INFO Rapid_CNS2/ID_224: non-cg probe annotations: MGMT=156, rs11249206=1, rs133860=1, rs966367=1
2026-09-05 13:20:32,875 INFO Rapid_CNS2/ID_224: OK schema=coverage_percentage_headerless coordinate_rows=978188 probe_rows=692513 coverage_preserved=True total_coverage=1575876
2026-09-05 13:20:41,869 INFO Rapid_CNS2/ID_225: non-cg probe annotations: MGMT=212, rs133860=1, rs1495031=1, rs966367=1
2026-09-05 13:20:51,660 INFO Rapid_CNS2/ID_225: OK schema=coverage_percentage_headerless coordinate_rows=1057414 probe_rows=725640 coverage_preserved=True total_coverage=1877878
2026-09-05 13:21:01,401 INFO Rapid_CNS2/ID_226: non-cg probe annotations: MGMT=212, rs11249206=1, rs133860=1, rs1495031=1, rs966367=1
2026-09-05 13:21:11,822 INFO Rapid_CNS2/ID_226: OK schema=coverage_percentage_headerless coordinate_rows=1147689 probe_rows=756516 coverage_preserved=True total_coverage=2213738
2026-09-05 13:21:22,905 INFO Rapid_CNS2/ID_227: non-cg probe annotations: MGMT=212, rs11249206=1, rs133860=1, rs1495031=1, rs966367=1
2026-09-05 13:21:34,199 INFO Rapid_CNS2/ID_227: OK schema=coverage_percentage_headerless coordinate_rows=1301534 probe_rows=793625 coverage_preserved=True total_coverage=3231867
2026-09-05 13:21:38,301 INFO Rapid_CNS2/ID_228: non-cg probe annotations: MGMT=212
2026-09-05 13:21:43,372 INFO Rapid_CNS2/ID_228: OK schema=coverage_percentage_headerless coordinate_rows=465462 probe_rows=396846 coverage_preserved=True total_coverage=580076
2026-09-05 13:21:51,663 INFO Rapid_CNS2/ID_229: non-cg probe annotations: MGMT=212, rs11249206=1, rs133860=1
2026-09-05 13:22:01,187 INFO Rapid_CNS2/ID_229: OK schema=coverage_percentage_headerless coordinate_rows=1009972 probe_rows=705895 coverage_preserved=True total_coverage=1727217
2026-09-05 13:22:07,430 INFO Rapid_CNS2/ID_23: non-cg probe annotations: MGMT=106, rs11249206=1, rs133860=1, rs1495031=1, rs966367=1
2026-09-05 13:22:16,839 INFO Rapid_CNS2/ID_23: OK schema=coverage_percentage_headerless coordinate_rows=733376 probe_rows=733271 coverage_preserved=True total_coverage=1768874
2026-09-05 13:22:24,562 INFO Rapid_CNS2/ID_230: non-cg probe annotations: MGMT=212, rs11249206=1, rs133860=1, rs1495031=1, rs966367=1
2026-09-05 13:22:33,531 INFO Rapid_CNS2/ID_230: OK schema=coverage_percentage_headerless coordinate_rows=919062 probe_rows=662126 coverage_preserved=True total_coverage=1521597
2026-09-05 13:22:43,599 INFO Rapid_CNS2/ID_231: non-cg probe annotations: MGMT=212, rs11249206=1, rs133860=1, rs1495031=1, rs6426327=1, rs966367=1
2026-09-05 13:22:54,111 INFO Rapid_CNS2/ID_231: OK schema=coverage_percentage_headerless coordinate_rows=1197351 probe_rows=771323 coverage_preserved=True total_coverage=2421246
2026-09-05 13:23:03,470 INFO Rapid_CNS2/ID_232: non-cg probe annotations: MGMT=212, rs133860=1, rs966367=1
2026-09-05 13:23:14,023 INFO Rapid_CNS2/ID_232: OK schema=coverage_percentage_headerless coordinate_rows=1096860 probe_rows=739732 coverage_preserved=True total_coverage=2045750
2026-09-05 13:23:20,475 INFO Rapid_CNS2/ID_233: non-cg probe annotations: MGMT=211, rs11249206=1, rs133860=1
2026-09-05 13:23:28,885 INFO Rapid_CNS2/ID_233: OK schema=coverage_percentage_headerless coordinate_rows=745803 probe_rows=576434 coverage_preserved=True total_coverage=1101964
2026-09-05 13:23:37,897 INFO Rapid_CNS2/ID_234: non-cg probe annotations: MGMT=212, rs133860=1, rs1495031=1
2026-09-05 13:23:48,236 INFO Rapid_CNS2/ID_234: OK schema=coverage_percentage_headerless coordinate_rows=1065434 probe_rows=726528 coverage_preserved=True total_coverage=1914116
2026-09-05 13:23:48,448 INFO cohort=Rapid_CNS2 progress: 150/300
2026-09-05 13:23:57,651 INFO Rapid_CNS2/ID_235: non-cg probe annotations: MGMT=210, rs11249206=1, rs966367=1
2026-09-05 13:24:08,230 INFO Rapid_CNS2/ID_235: OK schema=coverage_percentage_headerless coordinate_rows=1109524 probe_rows=738973 coverage_preserved=True total_coverage=2130959
2026-09-05 13:24:16,667 INFO Rapid_CNS2/ID_236: non-cg probe annotations: MGMT=212, rs11249206=1, rs133860=1, rs1495031=1, rs6426327=1, rs966367=1
2026-09-05 13:24:26,026 INFO Rapid_CNS2/ID_236: OK schema=coverage_percentage_headerless coordinate_rows=990505 probe_rows=693766 coverage_preserved=True total_coverage=1756073
2026-09-05 13:24:35,846 INFO Rapid_CNS2/ID_237: non-cg probe annotations: MGMT=211, rs11249206=1, rs133860=1, rs1495031=1, rs966367=1
2026-09-05 13:24:46,428 INFO Rapid_CNS2/ID_237: OK schema=coverage_percentage_headerless coordinate_rows=1143923 probe_rows=748916 coverage_preserved=True total_coverage=2329963
2026-09-05 13:24:54,517 INFO Rapid_CNS2/ID_238: non-cg probe annotations: MGMT=212, rs11249206=1, rs1495031=1
2026-09-05 13:25:03,779 INFO Rapid_CNS2/ID_238: OK schema=coverage_percentage_headerless coordinate_rows=948529 probe_rows=680348 coverage_preserved=True total_coverage=1578154
2026-09-05 13:25:14,125 INFO Rapid_CNS2/ID_239: non-cg probe annotations: MGMT=212, rs133860=1, rs966367=1
2026-09-05 13:25:25,079 INFO Rapid_CNS2/ID_239: OK schema=coverage_percentage_headerless coordinate_rows=1225085 probe_rows=780744 coverage_preserved=True total_coverage=2438190
2026-09-05 13:25:31,733 INFO Rapid_CNS2/ID_24: non-cg probe annotations: MGMT=106, rs133860=1, rs1495031=1, rs966367=1
2026-09-05 13:25:42,506 INFO Rapid_CNS2/ID_24: OK schema=coverage_percentage_headerless coordinate_rows=754747 probe_rows=754642 coverage_preserved=True total_coverage=2059171
2026-09-05 13:25:52,322 INFO Rapid_CNS2/ID_240: non-cg probe annotations: MGMT=212, rs11249206=1, rs133860=1
2026-09-05 13:26:02,763 INFO Rapid_CNS2/ID_240: OK schema=coverage_percentage_headerless coordinate_rows=1145886 probe_rows=752757 coverage_preserved=True total_coverage=2181630
2026-09-05 13:26:07,090 INFO Rapid_CNS2/ID_241: non-cg probe annotations: MGMT=3
2026-09-05 13:26:12,503 INFO Rapid_CNS2/ID_241: OK schema=coverage_percentage_headerless coordinate_rows=487759 probe_rows=412450 coverage_preserved=True total_coverage=623484
2026-09-05 13:26:21,564 INFO Rapid_CNS2/ID_242: non-cg probe annotations: MGMT=212, rs11249206=1, rs133860=1, rs1495031=1, rs6426327=1, rs966367=1
2026-09-05 13:26:32,847 INFO Rapid_CNS2/ID_242: OK schema=coverage_percentage_headerless coordinate_rows=1060411 probe_rows=723712 coverage_preserved=True total_coverage=1929975
2026-09-05 13:26:43,423 INFO Rapid_CNS2/ID_243: non-cg probe annotations: MGMT=212, rs133860=1, rs966367=1
2026-09-05 13:26:57,381 INFO Rapid_CNS2/ID_243: OK schema=coverage_percentage_headerless coordinate_rows=1155384 probe_rows=759331 coverage_preserved=True total_coverage=2197961
2026-09-05 13:27:08,412 INFO Rapid_CNS2/ID_244: non-cg probe annotations: MGMT=212, rs11249206=1, rs1495031=1, rs6426327=1, rs966367=1
2026-09-05 13:27:23,080 INFO Rapid_CNS2/ID_244: OK schema=coverage_percentage_headerless coordinate_rows=1221327 probe_rows=779313 coverage_preserved=True total_coverage=2466905
2026-09-05 13:27:32,052 INFO Rapid_CNS2/ID_245: non-cg probe annotations: MGMT=212, rs1495031=1, rs966367=1
2026-09-05 13:27:44,658 INFO Rapid_CNS2/ID_245: OK schema=coverage_percentage_headerless coordinate_rows=990160 probe_rows=694263 coverage_preserved=True total_coverage=1738530
2026-09-05 13:27:51,274 INFO Rapid_CNS2/ID_246: non-cg probe annotations: MGMT=212, rs11249206=1, rs133860=1, rs1495031=1, rs966367=1
2026-09-05 13:27:59,344 INFO Rapid_CNS2/ID_246: OK schema=coverage_percentage_headerless coordinate_rows=739638 probe_rows=571948 coverage_preserved=True total_coverage=1090812
2026-09-05 13:28:07,392 INFO Rapid_CNS2/ID_247: non-cg probe annotations: MGMT=212, rs1495031=1
2026-09-05 13:28:16,456 INFO Rapid_CNS2/ID_247: OK schema=coverage_percentage_headerless coordinate_rows=934855 probe_rows=673415 coverage_preserved=True total_coverage=1496743
2026-09-05 13:28:25,831 INFO Rapid_CNS2/ID_248: non-cg probe annotations: MGMT=212, rs11249206=1, rs133860=1, rs1495031=1, rs966367=1
2026-09-05 13:28:35,679 INFO Rapid_CNS2/ID_248: OK schema=coverage_percentage_headerless coordinate_rows=1124956 probe_rows=748507 coverage_preserved=True total_coverage=2139711
2026-09-05 13:28:45,402 INFO Rapid_CNS2/ID_249: non-cg probe annotations: MGMT=212, rs11249206=1, rs133860=1, rs1495031=1, rs966367=1
2026-09-05 13:28:56,820 INFO Rapid_CNS2/ID_249: OK schema=coverage_percentage_headerless coordinate_rows=1060142 probe_rows=724382 coverage_preserved=True total_coverage=1920914
2026-09-05 13:29:03,736 INFO Rapid_CNS2/ID_25: non-cg probe annotations: MGMT=106, rs11249206=1, rs133860=1, rs1495031=1, rs966367=1
2026-09-05 13:29:13,808 INFO Rapid_CNS2/ID_25: OK schema=coverage_percentage_headerless coordinate_rows=806257 probe_rows=806152 coverage_preserved=True total_coverage=2727223
2026-09-05 13:29:23,499 INFO Rapid_CNS2/ID_250: non-cg probe annotations: MGMT=212, rs133860=1, rs1495031=1, rs966367=1
2026-09-05 13:29:33,360 INFO Rapid_CNS2/ID_250: OK schema=coverage_percentage_headerless coordinate_rows=1163876 probe_rows=753461 coverage_preserved=True total_coverage=2340880
2026-09-05 13:29:43,710 INFO Rapid_CNS2/ID_251: non-cg probe annotations: MGMT=212, rs11249206=1, rs133860=1, rs966367=1
2026-09-05 13:29:54,044 INFO Rapid_CNS2/ID_251: OK schema=coverage_percentage_headerless coordinate_rows=1241689 probe_rows=778941 coverage_preserved=True total_coverage=2758091
2026-09-05 13:29:59,540 INFO Rapid_CNS2/ID_252: non-cg probe annotations: MGMT=208, rs11249206=1, rs133860=1, rs966367=1
2026-09-05 13:30:06,178 INFO Rapid_CNS2/ID_252: OK schema=coverage_percentage_headerless coordinate_rows=639943 probe_rows=512783 coverage_preserved=True total_coverage=947734
2026-09-05 13:30:13,751 INFO Rapid_CNS2/ID_253: non-cg probe annotations: MGMT=207, rs11249206=1, rs133860=1, rs1495031=1, rs6426327=1
2026-09-05 13:30:22,574 INFO Rapid_CNS2/ID_253: OK schema=coverage_percentage_headerless coordinate_rows=911614 probe_rows=662123 coverage_preserved=True total_coverage=1495170
2026-09-05 13:30:34,259 INFO Rapid_CNS2/ID_254: non-cg probe annotations: MGMT=212, rs133860=1, rs966367=1
2026-09-05 13:30:50,130 INFO Rapid_CNS2/ID_254: OK schema=coverage_percentage_headerless coordinate_rows=1337454 probe_rows=805907 coverage_preserved=True total_coverage=3011964
2026-09-05 13:31:00,471 INFO Rapid_CNS2/ID_255: non-cg probe annotations: MGMT=212, rs11249206=1, rs133860=1, rs1495031=1, rs6426327=1, rs966367=1
2026-09-05 13:31:14,716 INFO Rapid_CNS2/ID_255: OK schema=coverage_percentage_headerless coordinate_rows=1169184 probe_rows=759270 coverage_preserved=True total_coverage=2316530
2026-09-05 13:31:24,883 INFO Rapid_CNS2/ID_256: non-cg probe annotations: MGMT=212, rs11249206=1, rs133860=1, rs6426327=1, rs966367=1
2026-09-05 13:31:39,697 INFO Rapid_CNS2/ID_256: OK schema=coverage_percentage_headerless coordinate_rows=1137397 probe_rows=753746 coverage_preserved=True total_coverage=2113352
2026-09-05 13:31:50,348 INFO Rapid_CNS2/ID_257: non-cg probe annotations: MGMT=206, rs11249206=1, rs133860=1, rs966367=1
2026-09-05 13:32:05,060 INFO Rapid_CNS2/ID_257: OK schema=coverage_percentage_headerless coordinate_rows=1170823 probe_rows=759456 coverage_preserved=True total_coverage=2247347
2026-09-05 13:32:05,391 INFO cohort=Rapid_CNS2 progress: 175/300
2026-09-05 13:32:15,633 INFO Rapid_CNS2/ID_258: non-cg probe annotations: MGMT=212, rs1495031=1
2026-09-05 13:32:30,724 INFO Rapid_CNS2/ID_258: OK schema=coverage_percentage_headerless coordinate_rows=1158821 probe_rows=758253 coverage_preserved=True total_coverage=2243354
2026-09-05 13:32:41,971 INFO Rapid_CNS2/ID_259: non-cg probe annotations: MGMT=212, rs11249206=1, rs133860=1, rs1495031=1, rs966367=1
2026-09-05 13:32:57,547 INFO Rapid_CNS2/ID_259: OK schema=coverage_percentage_headerless coordinate_rows=1240179 probe_rows=782355 coverage_preserved=True total_coverage=2585540
2026-09-05 13:33:02,838 INFO Rapid_CNS2/ID_26: non-cg probe annotations: MGMT=95, rs1495031=1, rs966367=1
2026-09-05 13:33:11,153 INFO Rapid_CNS2/ID_26: OK schema=coverage_percentage_headerless coordinate_rows=569501 probe_rows=569407 coverage_preserved=True total_coverage=1007998
2026-09-05 13:33:26,359 INFO Rapid_CNS2/ID_260: non-cg probe annotations: MGMT=212, rs11249206=1, rs133860=1, rs6426327=1
2026-09-05 13:33:46,828 INFO Rapid_CNS2/ID_260: OK schema=coverage_percentage_headerless coordinate_rows=1659736 probe_rows=848636 coverage_preserved=True total_coverage=8984261
2026-09-05 13:34:01,574 INFO Rapid_CNS2/ID_261: non-cg probe annotations: MGMT=212, rs11249206=1, rs133860=1, rs1495031=1, rs6426327=1
2026-09-05 13:34:22,219 INFO Rapid_CNS2/ID_261: OK schema=coverage_percentage_headerless coordinate_rows=1656055 probe_rows=848784 coverage_preserved=True total_coverage=8793150
2026-09-05 13:34:36,383 INFO Rapid_CNS2/ID_262: non-cg probe annotations: MGMT=212, rs11249206=1, rs133860=1, rs1495031=1, rs6426327=1, rs966367=1
2026-09-05 13:34:53,974 INFO Rapid_CNS2/ID_262: OK schema=coverage_percentage_headerless coordinate_rows=1570525 probe_rows=841899 coverage_preserved=True total_coverage=6160783
2026-09-05 13:35:08,522 INFO Rapid_CNS2/ID_263: non-cg probe annotations: MGMT=212, rs11249206=1, rs133860=1, rs1495031=1, rs6426327=1, rs966367=1
2026-09-05 13:35:28,630 INFO Rapid_CNS2/ID_263: OK schema=coverage_percentage_headerless coordinate_rows=1652350 probe_rows=848057 coverage_preserved=True total_coverage=8690590
2026-09-05 13:35:40,038 INFO Rapid_CNS2/ID_264: non-cg probe annotations: MGMT=212, rs11249206=1, rs133860=1, rs1495031=1
2026-09-05 13:35:55,294 INFO Rapid_CNS2/ID_264: OK schema=coverage_percentage_headerless coordinate_rows=1274613 probe_rows=789936 coverage_preserved=True total_coverage=2798592
2026-09-05 13:36:03,132 INFO Rapid_CNS2/ID_265: non-cg probe annotations: MGMT=212, rs11249206=1, rs133860=1, rs1495031=1, rs966367=1
2026-09-05 13:36:12,275 INFO Rapid_CNS2/ID_265: OK schema=coverage_percentage_headerless coordinate_rows=899354 probe_rows=656956 coverage_preserved=True total_coverage=1486360
2026-09-05 13:36:22,080 INFO Rapid_CNS2/ID_266: non-cg probe annotations: MGMT=212, rs11249206=1, rs133860=1, rs6426327=1, rs966367=1
2026-09-05 13:36:32,619 INFO Rapid_CNS2/ID_266: OK schema=coverage_percentage_headerless coordinate_rows=1147557 probe_rows=753958 coverage_preserved=True total_coverage=2187611
2026-09-05 13:36:41,259 INFO Rapid_CNS2/ID_267: non-cg probe annotations: MGMT=212, rs133860=1, rs966367=1
2026-09-05 13:36:53,338 INFO Rapid_CNS2/ID_267: OK schema=coverage_percentage_headerless coordinate_rows=956315 probe_rows=682869 coverage_preserved=True total_coverage=1575903
2026-09-05 13:37:04,224 INFO Rapid_CNS2/ID_268: non-cg probe annotations: MGMT=212, rs11249206=1, rs133860=1, rs6426327=1, rs966367=1
2026-09-05 13:37:19,360 INFO Rapid_CNS2/ID_268: OK schema=coverage_percentage_headerless coordinate_rows=1222948 probe_rows=779107 coverage_preserved=True total_coverage=2465816
2026-09-05 13:37:35,292 INFO Rapid_CNS2/ID_269: non-cg probe annotations: MGMT=212, rs11249206=1, rs133860=1, rs1495031=1
2026-09-05 13:37:57,944 INFO Rapid_CNS2/ID_269: OK schema=coverage_percentage_headerless coordinate_rows=1704354 probe_rows=853533 coverage_preserved=True total_coverage=15804646
2026-09-05 13:38:03,911 INFO Rapid_CNS2/ID_27: non-cg probe annotations: MGMT=105, rs11249206=1, rs133860=1, rs1495031=1, rs966367=1
2026-09-05 13:38:14,026 INFO Rapid_CNS2/ID_27: OK schema=coverage_percentage_headerless coordinate_rows=631822 probe_rows=631718 coverage_preserved=True total_coverage=1233316
2026-09-05 13:38:29,390 INFO Rapid_CNS2/ID_270: non-cg probe annotations: MGMT=212, rs133860=1, rs1495031=1, rs966367=1
2026-09-05 13:38:50,290 INFO Rapid_CNS2/ID_270: OK schema=coverage_percentage_headerless coordinate_rows=1706081 probe_rows=854337 coverage_preserved=True total_coverage=16404167
2026-09-05 13:39:01,785 INFO Rapid_CNS2/ID_271: non-cg probe annotations: MGMT=212, rs11249206=1, rs133860=1, rs1495031=1, rs6426327=1, rs966367=1
2026-09-05 13:39:17,154 INFO Rapid_CNS2/ID_271: OK schema=coverage_percentage_headerless coordinate_rows=1290907 probe_rows=793467 coverage_preserved=True total_coverage=2882418
2026-09-05 13:39:27,249 INFO Rapid_CNS2/ID_272: non-cg probe annotations: MGMT=212, rs133860=1, rs6426327=1, rs966367=1
2026-09-05 13:39:40,172 INFO Rapid_CNS2/ID_272: OK schema=coverage_percentage_headerless coordinate_rows=1130515 probe_rows=747912 coverage_preserved=True total_coverage=2156772
2026-09-05 13:39:48,728 INFO Rapid_CNS2/ID_273: non-cg probe annotations: MGMT=211, rs11249206=1, rs133860=1, rs1495031=1, rs6426327=1
2026-09-05 13:39:58,150 INFO Rapid_CNS2/ID_273: OK schema=coverage_percentage_headerless coordinate_rows=1002041 probe_rows=703035 coverage_preserved=True total_coverage=1684633
2026-09-05 13:40:12,310 INFO Rapid_CNS2/ID_274: non-cg probe annotations: MGMT=212, rs11249206=1, rs133860=1, rs1495031=1, rs6426327=1, rs966367=1
2026-09-05 13:40:26,172 INFO Rapid_CNS2/ID_274: OK schema=coverage_percentage_headerless coordinate_rows=1687335 probe_rows=851361 coverage_preserved=True total_coverage=10575293
2026-09-05 13:40:40,696 INFO Rapid_CNS2/ID_275: non-cg probe annotations: MGMT=212, rs11249206=1, rs133860=1, rs966367=1
2026-09-05 13:40:54,588 INFO Rapid_CNS2/ID_275: OK schema=coverage_percentage_headerless coordinate_rows=1701205 probe_rows=853624 coverage_preserved=True total_coverage=13360313
2026-09-05 13:41:03,697 INFO Rapid_CNS2/ID_276: non-cg probe annotations: MGMT=212, rs11249206=1, rs133860=1, rs1495031=1, rs966367=1
2026-09-05 13:41:13,391 INFO Rapid_CNS2/ID_276: OK schema=coverage_percentage_headerless coordinate_rows=1046794 probe_rows=720584 coverage_preserved=True total_coverage=1865100
2026-09-05 13:41:27,939 INFO Rapid_CNS2/ID_277: non-cg probe annotations: MGMT=212, rs11249206=1, rs133860=1, rs1495031=1, rs6426327=1
2026-09-05 13:41:47,447 INFO Rapid_CNS2/ID_277: OK schema=coverage_percentage_headerless coordinate_rows=1629367 probe_rows=847834 coverage_preserved=True total_coverage=6987692
2026-09-05 13:42:02,362 INFO Rapid_CNS2/ID_278: non-cg probe annotations: MGMT=212, rs133860=1, rs6426327=1, rs966367=1
2026-09-05 13:42:22,153 INFO Rapid_CNS2/ID_278: OK schema=coverage_percentage_headerless coordinate_rows=1678665 probe_rows=850489 coverage_preserved=True total_coverage=9579305
2026-09-05 13:42:38,054 INFO Rapid_CNS2/ID_279: non-cg probe annotations: MGMT=212, rs133860=1, rs6426327=1, rs966367=1
2026-09-05 13:42:59,114 INFO Rapid_CNS2/ID_279: OK schema=coverage_percentage_headerless coordinate_rows=1676373 probe_rows=850174 coverage_preserved=True total_coverage=9285662
2026-09-05 13:43:06,126 INFO Rapid_CNS2/ID_28: non-cg probe annotations: MGMT=106, rs11249206=1, rs133860=1, rs1495031=1, rs966367=1
2026-09-05 13:43:17,829 INFO Rapid_CNS2/ID_28: OK schema=coverage_percentage_headerless coordinate_rows=751737 probe_rows=751632 coverage_preserved=True total_coverage=2071765
2026-09-05 13:43:18,057 INFO cohort=Rapid_CNS2 progress: 200/300
2026-09-05 13:43:32,774 INFO Rapid_CNS2/ID_280: non-cg probe annotations: MGMT=212, rs11249206=1, rs133860=1, rs966367=1
2026-09-05 13:43:53,078 INFO Rapid_CNS2/ID_280: OK schema=coverage_percentage_headerless coordinate_rows=1680165 probe_rows=849650 coverage_preserved=True total_coverage=9727650
2026-09-05 13:44:08,473 INFO Rapid_CNS2/ID_281: non-cg probe annotations: MGMT=212, rs133860=1, rs6426327=1, rs966367=1
2026-09-05 13:44:29,383 INFO Rapid_CNS2/ID_281: OK schema=coverage_percentage_headerless coordinate_rows=1698150 probe_rows=851345 coverage_preserved=True total_coverage=15913235
2026-09-05 13:44:44,465 INFO Rapid_CNS2/ID_282: non-cg probe annotations: MGMT=212, rs11249206=1, rs133860=1, rs6426327=1, rs966367=1
2026-09-05 13:45:05,253 INFO Rapid_CNS2/ID_282: OK schema=coverage_percentage_headerless coordinate_rows=1641232 probe_rows=847203 coverage_preserved=True total_coverage=8165283
2026-09-05 13:45:20,891 INFO Rapid_CNS2/ID_283: non-cg probe annotations: MGMT=212, rs11249206=1, rs133860=1, rs1495031=1, rs6426327=1, rs966367=1
2026-09-05 13:45:42,288 INFO Rapid_CNS2/ID_283: OK schema=coverage_percentage_headerless coordinate_rows=1682741 probe_rows=849762 coverage_preserved=True total_coverage=11164305
2026-09-05 13:45:58,249 INFO Rapid_CNS2/ID_284: non-cg probe annotations: MGMT=212, rs11249206=1, rs133860=1, rs1495031=1, rs6426327=1
2026-09-05 13:46:15,914 INFO Rapid_CNS2/ID_284: OK schema=coverage_percentage_headerless coordinate_rows=1706713 probe_rows=854788 coverage_preserved=True total_coverage=15465521
2026-09-05 13:46:30,752 INFO Rapid_CNS2/ID_285: non-cg probe annotations: MGMT=212, rs11249206=1, rs133860=1, rs1495031=1, rs966367=1
2026-09-05 13:46:46,034 INFO Rapid_CNS2/ID_285: OK schema=coverage_percentage_headerless coordinate_rows=1687754 probe_rows=850281 coverage_preserved=True total_coverage=11198056
2026-09-05 13:47:00,340 INFO Rapid_CNS2/ID_286: non-cg probe annotations: MGMT=212, rs133860=1
2026-09-05 13:47:17,511 INFO Rapid_CNS2/ID_286: OK schema=coverage_percentage_headerless coordinate_rows=1682595 probe_rows=850438 coverage_preserved=True total_coverage=10137162
2026-09-05 13:47:31,466 INFO Rapid_CNS2/ID_287: non-cg probe annotations: MGMT=212, rs133860=1, rs1495031=1, rs966367=1
2026-09-05 13:47:44,485 INFO Rapid_CNS2/ID_287: OK schema=coverage_percentage_headerless coordinate_rows=1668802 probe_rows=852412 coverage_preserved=True total_coverage=8047529
2026-09-05 13:47:47,488 INFO Rapid_CNS2/ID_288: non-cg probe annotations: MGMT=198
2026-09-05 13:47:50,791 INFO Rapid_CNS2/ID_288: OK schema=coverage_percentage_headerless coordinate_rows=331846 probe_rows=297113 coverage_preserved=True total_coverage=401902
2026-09-05 13:48:01,779 INFO Rapid_CNS2/ID_289: non-cg probe annotations: MGMT=212, rs133860=1, rs1495031=1, rs966367=1
2026-09-05 13:48:12,929 INFO Rapid_CNS2/ID_289: OK schema=coverage_percentage_headerless coordinate_rows=1355579 probe_rows=810555 coverage_preserved=True total_coverage=3279212
2026-09-05 13:48:19,501 INFO Rapid_CNS2/ID_29: non-cg probe annotations: MGMT=106, rs133860=1, rs1495031=1, rs966367=1
2026-09-05 13:48:28,865 INFO Rapid_CNS2/ID_29: OK schema=coverage_percentage_headerless coordinate_rows=763790 probe_rows=763685 coverage_preserved=True total_coverage=2204035
2026-09-05 13:48:37,367 INFO Rapid_CNS2/ID_290: non-cg probe annotations: MGMT=212, rs11249206=1, rs133860=1, rs1495031=1, rs966367=1
2026-09-05 13:48:46,989 INFO Rapid_CNS2/ID_290: OK schema=coverage_percentage_headerless coordinate_rows=1028015 probe_rows=713675 coverage_preserved=True total_coverage=1823843
2026-09-05 13:48:59,266 INFO Rapid_CNS2/ID_291: non-cg probe annotations: MGMT=212, rs11249206=1, rs133860=1, rs1495031=1, rs6426327=1
2026-09-05 13:49:10,559 INFO Rapid_CNS2/ID_291: OK schema=coverage_percentage_headerless coordinate_rows=1514440 probe_rows=837088 coverage_preserved=True total_coverage=4838554
2026-09-05 13:49:16,827 INFO Rapid_CNS2/ID_292: non-cg probe annotations: MGMT=106, rs11249206=1, rs133860=1, rs1495031=1, rs966367=1
2026-09-05 13:49:25,739 INFO Rapid_CNS2/ID_292: OK schema=coverage_percentage_headerless coordinate_rows=737241 probe_rows=737136 coverage_preserved=True total_coverage=1912767
2026-09-05 13:49:32,046 INFO Rapid_CNS2/ID_293: non-cg probe annotations: MGMT=106, rs133860=1, rs1495031=1
2026-09-05 13:49:41,190 INFO Rapid_CNS2/ID_293: OK schema=coverage_percentage_headerless coordinate_rows=751457 probe_rows=751352 coverage_preserved=True total_coverage=2033618
2026-09-05 13:49:48,192 INFO Rapid_CNS2/ID_294: non-cg probe annotations: MGMT=106, rs11249206=1, rs133860=1
2026-09-05 13:49:57,798 INFO Rapid_CNS2/ID_294: OK schema=coverage_percentage_headerless coordinate_rows=829915 probe_rows=829810 coverage_preserved=True total_coverage=3498708
2026-09-05 13:50:04,923 INFO Rapid_CNS2/ID_295: non-cg probe annotations: MGMT=106, rs11249206=1, rs133860=1, rs1495031=1
2026-09-05 13:50:14,707 INFO Rapid_CNS2/ID_295: OK schema=coverage_percentage_headerless coordinate_rows=840799 probe_rows=840694 coverage_preserved=True total_coverage=3743136
2026-09-05 13:50:21,446 INFO Rapid_CNS2/ID_296: non-cg probe annotations: MGMT=106, rs11249206=1, rs133860=1, rs1495031=1
2026-09-05 13:50:31,379 INFO Rapid_CNS2/ID_296: OK schema=coverage_percentage_headerless coordinate_rows=798429 probe_rows=798324 coverage_preserved=True total_coverage=2718398
2026-09-05 13:50:38,451 INFO Rapid_CNS2/ID_297: non-cg probe annotations: MGMT=106, rs133860=1, rs1495031=1, rs966367=1
2026-09-05 13:50:48,129 INFO Rapid_CNS2/ID_297: OK schema=coverage_percentage_headerless coordinate_rows=838553 probe_rows=838448 coverage_preserved=True total_coverage=3831307
2026-09-05 13:50:55,338 INFO Rapid_CNS2/ID_298: non-cg probe annotations: MGMT=106, rs11249206=1, rs133860=1, rs1495031=1, rs966367=1
2026-09-05 13:51:05,241 INFO Rapid_CNS2/ID_298: OK schema=coverage_percentage_headerless coordinate_rows=850099 probe_rows=849994 coverage_preserved=True total_coverage=4387922
2026-09-05 13:51:11,395 INFO Rapid_CNS2/ID_299: non-cg probe annotations: MGMT=106, rs11249206=1, rs133860=1, rs966367=1
2026-09-05 13:51:20,220 INFO Rapid_CNS2/ID_299: OK schema=coverage_percentage_headerless coordinate_rows=730846 probe_rows=730741 coverage_preserved=True total_coverage=1795262
2026-09-05 13:51:26,268 INFO Rapid_CNS2/ID_3: non-cg probe annotations: MGMT=106, rs11249206=1, rs133860=1, rs966367=1
2026-09-05 13:51:34,988 INFO Rapid_CNS2/ID_3: OK schema=coverage_percentage_headerless coordinate_rows=721153 probe_rows=721048 coverage_preserved=True total_coverage=1849944
2026-09-05 13:51:41,952 INFO Rapid_CNS2/ID_30: non-cg probe annotations: MGMT=106, rs11249206=1, rs133860=1, rs1495031=1, rs966367=1
2026-09-05 13:51:51,780 INFO Rapid_CNS2/ID_30: OK schema=coverage_percentage_headerless coordinate_rows=830948 probe_rows=830843 coverage_preserved=True total_coverage=3433292
2026-09-05 13:51:58,331 INFO Rapid_CNS2/ID_300: non-cg probe annotations: MGMT=106, rs11249206=1, rs133860=1, rs1495031=1
2026-09-05 13:52:07,848 INFO Rapid_CNS2/ID_300: OK schema=coverage_percentage_headerless coordinate_rows=776626 probe_rows=776521 coverage_preserved=True total_coverage=2251736
2026-09-05 13:52:13,485 INFO Rapid_CNS2/ID_301: non-cg probe annotations: MGMT=102, rs133860=1, rs1495031=1, rs966367=1
2026-09-05 13:52:21,550 INFO Rapid_CNS2/ID_301: OK schema=coverage_percentage_headerless coordinate_rows=672885 probe_rows=672784 coverage_preserved=True total_coverage=1465121
2026-09-05 13:52:21,717 INFO cohort=Rapid_CNS2 progress: 225/300
2026-09-05 13:52:28,511 INFO Rapid_CNS2/ID_31: non-cg probe annotations: MGMT=106, rs133860=1, rs1495031=1
2026-09-05 13:52:38,283 INFO Rapid_CNS2/ID_31: OK schema=coverage_percentage_headerless coordinate_rows=835022 probe_rows=834917 coverage_preserved=True total_coverage=3575052
2026-09-05 13:52:45,217 INFO Rapid_CNS2/ID_32: non-cg probe annotations: MGMT=106, rs11249206=1, rs1495031=1
2026-09-05 13:52:54,845 INFO Rapid_CNS2/ID_32: OK schema=coverage_percentage_headerless coordinate_rows=826454 probe_rows=826349 coverage_preserved=True total_coverage=3224782
2026-09-05 13:53:01,621 INFO Rapid_CNS2/ID_33: non-cg probe annotations: MGMT=106, rs11249206=1, rs133860=1, rs1495031=1, rs966367=1
2026-09-05 13:53:11,543 INFO Rapid_CNS2/ID_33: OK schema=coverage_percentage_headerless coordinate_rows=806537 probe_rows=806432 coverage_preserved=True total_coverage=2698792
2026-09-05 13:53:16,937 INFO Rapid_CNS2/ID_34: non-cg probe annotations: MGMT=106, rs11249206=1, rs133860=1, rs1495031=1, rs966367=1
2026-09-05 13:53:24,624 INFO Rapid_CNS2/ID_34: OK schema=coverage_percentage_headerless coordinate_rows=640973 probe_rows=640868 coverage_preserved=True total_coverage=1287868
2026-09-05 13:53:31,548 INFO Rapid_CNS2/ID_35: non-cg probe annotations: MGMT=106, rs11249206=1, rs133860=1, rs966367=1
2026-09-05 13:53:41,315 INFO Rapid_CNS2/ID_35: OK schema=coverage_percentage_headerless coordinate_rows=832530 probe_rows=832425 coverage_preserved=True total_coverage=3493978
2026-09-05 13:53:48,522 INFO Rapid_CNS2/ID_36: non-cg probe annotations: MGMT=106, rs11249206=1, rs133860=1, rs1495031=1, rs966367=1
2026-09-05 13:53:58,440 INFO Rapid_CNS2/ID_36: OK schema=coverage_percentage_headerless coordinate_rows=847405 probe_rows=847300 coverage_preserved=True total_coverage=4079451
2026-09-05 13:54:05,114 INFO Rapid_CNS2/ID_37: non-cg probe annotations: MGMT=106, rs133860=1, rs1495031=1, rs966367=1
2026-09-05 13:54:14,778 INFO Rapid_CNS2/ID_37: OK schema=coverage_percentage_headerless coordinate_rows=792224 probe_rows=792119 coverage_preserved=True total_coverage=2437493
2026-09-05 13:54:18,982 INFO Rapid_CNS2/ID_38: non-cg probe annotations: MGMT=106, rs11249206=1, rs133860=1, rs1495031=1, rs966367=1
2026-09-05 13:54:24,862 INFO Rapid_CNS2/ID_38: OK schema=coverage_percentage_headerless coordinate_rows=495062 probe_rows=494957 coverage_preserved=True total_coverage=809108
2026-09-05 13:54:31,632 INFO Rapid_CNS2/ID_39: non-cg probe annotations: MGMT=106, rs11249206=1, rs133860=1, rs1495031=1, rs966367=1
2026-09-05 13:54:41,073 INFO Rapid_CNS2/ID_39: OK schema=coverage_percentage_headerless coordinate_rows=815703 probe_rows=815598 coverage_preserved=True total_coverage=2871406
2026-09-05 13:54:47,608 INFO Rapid_CNS2/ID_4: non-cg probe annotations: MGMT=106, rs11249206=1, rs133860=1, rs1495031=1, rs966367=1
2026-09-05 13:54:56,984 INFO Rapid_CNS2/ID_4: OK schema=coverage_percentage_headerless coordinate_rows=777262 probe_rows=777157 coverage_preserved=True total_coverage=2181725
2026-09-05 13:55:08,789 INFO Rapid_CNS2/ID_40: non-cg probe annotations: MGMT=212, ch.X.79027977R=1, rs11249206=1, rs133860=1, rs1495031=1, rs6426327=1, rs966367=1
2026-09-05 13:55:20,298 INFO Rapid_CNS2/ID_40: OK schema=coverage_percentage_headerless coordinate_rows=1434460 probe_rows=826603 coverage_preserved=True total_coverage=4186355
2026-09-05 13:55:31,753 INFO Rapid_CNS2/ID_41: non-cg probe annotations: MGMT=212, ch.X.79027977R=1, rs11249206=1, rs133860=1, rs1495031=1, rs6426327=1, rs966367=1
2026-09-05 13:55:42,728 INFO Rapid_CNS2/ID_41: OK schema=coverage_percentage_headerless coordinate_rows=1392879 probe_rows=813462 coverage_preserved=True total_coverage=3408535
2026-09-05 13:55:55,003 INFO Rapid_CNS2/ID_42: non-cg probe annotations: MGMT=212, rs11249206=1, rs133860=1, rs1495031=1, rs6426327=1, rs966367=1
2026-09-05 13:56:06,357 INFO Rapid_CNS2/ID_42: OK schema=coverage_percentage_headerless coordinate_rows=1485024 probe_rows=834415 coverage_preserved=True total_coverage=4878168
2026-09-05 13:56:18,137 INFO Rapid_CNS2/ID_43: non-cg probe annotations: MGMT=212, ch.X.79027977R=1, rs11249206=1, rs133860=1, rs1495031=1, rs6426327=1, rs966367=1
2026-09-05 13:56:29,723 INFO Rapid_CNS2/ID_43: OK schema=coverage_percentage_headerless coordinate_rows=1435466 probe_rows=827496 coverage_preserved=True total_coverage=3492948
2026-09-05 13:56:42,622 INFO Rapid_CNS2/ID_44: non-cg probe annotations: MGMT=212, ch.X.79027977R=1, rs11249206=1, rs133860=1, rs1495031=1, rs6426327=1, rs966367=1
2026-09-05 13:56:54,264 INFO Rapid_CNS2/ID_44: OK schema=coverage_percentage_headerless coordinate_rows=1585813 probe_rows=849052 coverage_preserved=True total_coverage=5485929
2026-09-05 13:57:06,128 INFO Rapid_CNS2/ID_45: non-cg probe annotations: MGMT=212, ch.X.79027977R=1, rs11249206=1, rs133860=1, rs1495031=1, rs6426327=1, rs966367=1
2026-09-05 13:57:17,626 INFO Rapid_CNS2/ID_45: OK schema=coverage_percentage_headerless coordinate_rows=1434215 probe_rows=824712 coverage_preserved=True total_coverage=4134775
2026-09-05 13:57:27,476 INFO Rapid_CNS2/ID_46: non-cg probe annotations: MGMT=212, rs11249206=1, rs133860=1, rs1495031=1, rs6426327=1, rs966367=1
2026-09-05 13:57:37,698 INFO Rapid_CNS2/ID_46: OK schema=coverage_percentage_headerless coordinate_rows=1185497 probe_rows=757070 coverage_preserved=True total_coverage=2650337
2026-09-05 13:57:49,814 INFO Rapid_CNS2/ID_47: non-cg probe annotations: MGMT=212, ch.X.79027977R=1, rs11249206=1, rs133860=1, rs1495031=1, rs6426327=1, rs966367=1
2026-09-05 13:58:02,093 INFO Rapid_CNS2/ID_47: OK schema=coverage_percentage_headerless coordinate_rows=1443577 probe_rows=826790 coverage_preserved=True total_coverage=4612812
2026-09-05 13:58:14,502 INFO Rapid_CNS2/ID_48: non-cg probe annotations: MGMT=212, rs11249206=1, rs133860=1, rs1495031=1, rs6426327=1, rs966367=1
2026-09-05 13:58:26,668 INFO Rapid_CNS2/ID_48: OK schema=coverage_percentage_headerless coordinate_rows=1498664 probe_rows=835355 coverage_preserved=True total_coverage=4302638
2026-09-05 13:58:38,559 INFO Rapid_CNS2/ID_49: non-cg probe annotations: MGMT=212, rs11249206=1, rs133860=1, rs1495031=1, rs6426327=1, rs966367=1
2026-09-05 13:58:50,065 INFO Rapid_CNS2/ID_49: OK schema=coverage_percentage_headerless coordinate_rows=1434185 probe_rows=822397 coverage_preserved=True total_coverage=3328950
2026-09-05 13:58:54,630 INFO Rapid_CNS2/ID_5: non-cg probe annotations: MGMT=100, rs11249206=1, rs133860=1, rs966367=1
2026-09-05 13:59:00,948 INFO Rapid_CNS2/ID_5: OK schema=coverage_percentage_headerless coordinate_rows=525398 probe_rows=525299 coverage_preserved=True total_coverage=868439
2026-09-05 13:59:11,569 INFO Rapid_CNS2/ID_50: non-cg probe annotations: MGMT=212, ch.X.79027977R=1, rs11249206=1, rs133860=1, rs1495031=1, rs6426327=1, rs966367=1
2026-09-05 13:59:22,569 INFO Rapid_CNS2/ID_50: OK schema=coverage_percentage_headerless coordinate_rows=1292758 probe_rows=790379 coverage_preserved=True total_coverage=3668191
2026-09-05 13:59:33,396 INFO Rapid_CNS2/ID_51: non-cg probe annotations: MGMT=212, ch.X.79027977R=1, rs11249206=1, rs133860=1, rs1495031=1, rs6426327=1, rs966367=1
2026-09-05 13:59:44,834 INFO Rapid_CNS2/ID_51: OK schema=coverage_percentage_headerless coordinate_rows=1314661 probe_rows=798037 coverage_preserved=True total_coverage=2800610
2026-09-05 13:59:56,140 INFO Rapid_CNS2/ID_52: non-cg probe annotations: MGMT=212, rs11249206=1, rs133860=1, rs1495031=1, rs6426327=1, rs966367=1
2026-09-05 14:00:07,576 INFO Rapid_CNS2/ID_52: OK schema=coverage_percentage_headerless coordinate_rows=1369463 probe_rows=810556 coverage_preserved=True total_coverage=3394995
2026-09-05 14:00:17,904 INFO Rapid_CNS2/ID_53: non-cg probe annotations: MGMT=212, ch.X.79027977R=1, rs11249206=1, rs133860=1, rs1495031=1, rs6426327=1, rs966367=1
2026-09-05 14:00:28,401 INFO Rapid_CNS2/ID_53: OK schema=coverage_percentage_headerless coordinate_rows=1243017 probe_rows=775884 coverage_preserved=True total_coverage=2885781
2026-09-05 14:00:28,640 INFO cohort=Rapid_CNS2 progress: 250/300
2026-09-05 14:00:38,534 INFO Rapid_CNS2/ID_54: non-cg probe annotations: MGMT=212, ch.X.79027977R=1, rs11249206=1, rs133860=1, rs1495031=1, rs6426327=1, rs966367=1
2026-09-05 14:00:49,092 INFO Rapid_CNS2/ID_54: OK schema=coverage_percentage_headerless coordinate_rows=1224388 probe_rows=771229 coverage_preserved=True total_coverage=2650718
2026-09-05 14:01:01,046 INFO Rapid_CNS2/ID_55: non-cg probe annotations: MGMT=212, rs11249206=1, rs133860=1, rs1495031=1, rs6426327=1, rs966367=1
2026-09-05 14:01:12,627 INFO Rapid_CNS2/ID_55: OK schema=coverage_percentage_headerless coordinate_rows=1445474 probe_rows=826294 coverage_preserved=True total_coverage=4682848
2026-09-05 14:01:24,045 INFO Rapid_CNS2/ID_56: non-cg probe annotations: MGMT=212, ch.X.79027977R=1, rs11249206=1, rs133860=1, rs1495031=1, rs6426327=1, rs966367=1
2026-09-05 14:01:34,912 INFO Rapid_CNS2/ID_56: OK schema=coverage_percentage_headerless coordinate_rows=1383821 probe_rows=814793 coverage_preserved=True total_coverage=3942946
2026-09-05 14:01:46,973 INFO Rapid_CNS2/ID_57: non-cg probe annotations: MGMT=212, rs11249206=1, rs133860=1, rs1495031=1, rs6426327=1, rs966367=1
2026-09-05 14:01:58,542 INFO Rapid_CNS2/ID_57: OK schema=coverage_percentage_headerless coordinate_rows=1459848 probe_rows=827498 coverage_preserved=True total_coverage=4150166
2026-09-05 14:02:07,836 INFO Rapid_CNS2/ID_58: non-cg probe annotations: MGMT=212, rs11249206=1, rs133860=1, rs1495031=1, rs6426327=1, rs966367=1
2026-09-05 14:02:17,978 INFO Rapid_CNS2/ID_58: OK schema=coverage_percentage_headerless coordinate_rows=1110486 probe_rows=732902 coverage_preserved=True total_coverage=1854205
2026-09-05 14:02:28,255 INFO Rapid_CNS2/ID_59: non-cg probe annotations: MGMT=159, rs11249206=1, rs133860=1, rs6426327=1, rs966367=1
2026-09-05 14:02:38,802 INFO Rapid_CNS2/ID_59: OK schema=coverage_percentage_headerless coordinate_rows=1252007 probe_rows=779265 coverage_preserved=True total_coverage=2452214
2026-09-05 14:02:45,229 INFO Rapid_CNS2/ID_6: non-cg probe annotations: MGMT=106, rs11249206=1, rs133860=1, rs1495031=1
2026-09-05 14:02:54,381 INFO Rapid_CNS2/ID_6: OK schema=coverage_percentage_headerless coordinate_rows=761788 probe_rows=761683 coverage_preserved=True total_coverage=2152990
2026-09-05 14:03:06,927 INFO Rapid_CNS2/ID_60: non-cg probe annotations: MGMT=212, ch.X.79027977R=1, rs11249206=1, rs133860=1, rs1495031=1, rs6426327=1, rs966367=1
2026-09-05 14:03:18,355 INFO Rapid_CNS2/ID_60: OK schema=coverage_percentage_headerless coordinate_rows=1549871 probe_rows=846154 coverage_preserved=True total_coverage=5844865
2026-09-05 14:03:31,679 INFO Rapid_CNS2/ID_61: non-cg probe annotations: MGMT=212, ch.X.79027977R=1, rs11249206=1, rs133860=1, rs1495031=1, rs6426327=1, rs966367=1
2026-09-05 14:03:44,804 INFO Rapid_CNS2/ID_61: OK schema=coverage_percentage_headerless coordinate_rows=1649705 probe_rows=853991 coverage_preserved=True total_coverage=5646876
2026-09-05 14:03:58,259 INFO Rapid_CNS2/ID_62: non-cg probe annotations: MGMT=212, ch.X.79027977R=1, rs11249206=1, rs133860=1, rs1495031=1, rs6426327=1, rs966367=1
2026-09-05 14:04:11,275 INFO Rapid_CNS2/ID_62: OK schema=coverage_percentage_headerless coordinate_rows=1662359 probe_rows=854644 coverage_preserved=True total_coverage=5919610
2026-09-05 14:04:24,228 INFO Rapid_CNS2/ID_63: non-cg probe annotations: MGMT=212, ch.X.79027977R=1, rs11249206=1, rs133860=1, rs1495031=1, rs6426327=1, rs966367=1
2026-09-05 14:04:35,821 INFO Rapid_CNS2/ID_63: OK schema=coverage_percentage_headerless coordinate_rows=1591437 probe_rows=850238 coverage_preserved=True total_coverage=4826852
2026-09-05 14:04:45,194 INFO Rapid_CNS2/ID_64: non-cg probe annotations: MGMT=212, rs11249206=1, rs1495031=1, rs6426327=1, rs966367=1
2026-09-05 14:04:55,258 INFO Rapid_CNS2/ID_64: OK schema=coverage_percentage_headerless coordinate_rows=1126209 probe_rows=744574 coverage_preserved=True total_coverage=1600406
2026-09-05 14:05:07,709 INFO Rapid_CNS2/ID_65: non-cg probe annotations: MGMT=212, ch.X.79027977R=1, rs11249206=1, rs133860=1, rs1495031=1, rs6426327=1, rs966367=1
2026-09-05 14:05:18,950 INFO Rapid_CNS2/ID_65: OK schema=coverage_percentage_headerless coordinate_rows=1542598 probe_rows=841996 coverage_preserved=True total_coverage=4195436
2026-09-05 14:05:29,936 INFO Rapid_CNS2/ID_66: non-cg probe annotations: MGMT=212, rs11249206=1, rs133860=1, rs1495031=1, rs6426327=1, rs966367=1
2026-09-05 14:05:42,015 INFO Rapid_CNS2/ID_66: OK schema=coverage_percentage_headerless coordinate_rows=1322538 probe_rows=795559 coverage_preserved=True total_coverage=3221151
2026-09-05 14:05:53,662 INFO Rapid_CNS2/ID_67: non-cg probe annotations: MGMT=106, rs11249206=1, rs133860=1, rs1495031=1, rs6426327=1, rs966367=1
2026-09-05 14:06:04,834 INFO Rapid_CNS2/ID_67: OK schema=coverage_percentage_headerless coordinate_rows=1363700 probe_rows=811105 coverage_preserved=True total_coverage=2529973
2026-09-05 14:06:18,640 INFO Rapid_CNS2/ID_68: non-cg probe annotations: MGMT=212, ch.X.79027977R=1, rs11249206=1, rs133860=1, rs1495031=1, rs6426327=1, rs966367=1
2026-09-05 14:06:33,668 INFO Rapid_CNS2/ID_68: OK schema=coverage_percentage_headerless coordinate_rows=1585261 probe_rows=848381 coverage_preserved=True total_coverage=4679901
2026-09-05 14:06:46,324 INFO Rapid_CNS2/ID_69: non-cg probe annotations: MGMT=212, ch.X.79027977R=1, rs11249206=1, rs133860=1, rs1495031=1, rs6426327=1, rs966367=1
2026-09-05 14:06:59,237 INFO Rapid_CNS2/ID_69: OK schema=coverage_percentage_headerless coordinate_rows=1521430 probe_rows=838935 coverage_preserved=True total_coverage=4591624
2026-09-05 14:07:05,300 INFO Rapid_CNS2/ID_7: non-cg probe annotations: MGMT=106, rs11249206=1, rs133860=1, rs1495031=1, rs966367=1
2026-09-05 14:07:14,029 INFO Rapid_CNS2/ID_7: OK schema=coverage_percentage_headerless coordinate_rows=686360 probe_rows=686255 coverage_preserved=True total_coverage=1551283
2026-09-05 14:07:27,179 INFO Rapid_CNS2/ID_70: non-cg probe annotations: MGMT=212, rs11249206=1, rs133860=1, rs1495031=1, rs6426327=1, rs966367=1
2026-09-05 14:07:41,337 INFO Rapid_CNS2/ID_70: OK schema=coverage_percentage_headerless coordinate_rows=1616683 probe_rows=849925 coverage_preserved=True total_coverage=5044362
2026-09-05 14:07:54,464 INFO Rapid_CNS2/ID_71: non-cg probe annotations: MGMT=212, ch.X.79027977R=1, rs11249206=1, rs133860=1, rs1495031=1, rs6426327=1, rs966367=1
2026-09-05 14:08:08,013 INFO Rapid_CNS2/ID_71: OK schema=coverage_percentage_headerless coordinate_rows=1587526 probe_rows=847934 coverage_preserved=True total_coverage=5784168
2026-09-05 14:08:20,471 INFO Rapid_CNS2/ID_72: non-cg probe annotations: MGMT=133, rs11249206=1, rs133860=1, rs1495031=1, rs6426327=1, rs966367=1
2026-09-05 14:08:33,021 INFO Rapid_CNS2/ID_72: OK schema=coverage_percentage_headerless coordinate_rows=1475680 probe_rows=831963 coverage_preserved=True total_coverage=3058647
2026-09-05 14:08:45,136 INFO Rapid_CNS2/ID_73: non-cg probe annotations: MGMT=212, rs11249206=1, rs133860=1, rs1495031=1, rs6426327=1, rs966367=1
2026-09-05 14:08:58,886 INFO Rapid_CNS2/ID_73: OK schema=coverage_percentage_headerless coordinate_rows=1436833 probe_rows=821922 coverage_preserved=True total_coverage=4001052
2026-09-05 14:09:12,028 INFO Rapid_CNS2/ID_74: non-cg probe annotations: MGMT=212, rs11249206=1, rs133860=1, rs1495031=1, rs6426327=1, rs966367=1
2026-09-05 14:09:25,128 INFO Rapid_CNS2/ID_74: OK schema=coverage_percentage_headerless coordinate_rows=1622903 probe_rows=851049 coverage_preserved=True total_coverage=4709207
2026-09-05 14:09:38,733 INFO Rapid_CNS2/ID_75: non-cg probe annotations: MGMT=212, ch.X.79027977R=1, rs11249206=1, rs133860=1, rs1495031=1, rs6426327=1, rs966367=1
2026-09-05 14:09:51,854 INFO Rapid_CNS2/ID_75: OK schema=coverage_percentage_headerless coordinate_rows=1679045 probe_rows=853601 coverage_preserved=True total_coverage=6606634
2026-09-05 14:10:05,533 INFO Rapid_CNS2/ID_76: non-cg probe annotations: MGMT=212, ch.X.79027977R=1, rs11249206=1, rs133860=1, rs1495031=1, rs6426327=1, rs966367=1
2026-09-05 14:10:18,687 INFO Rapid_CNS2/ID_76: OK schema=coverage_percentage_headerless coordinate_rows=1678139 probe_rows=856916 coverage_preserved=True total_coverage=7782802
2026-09-05 14:10:18,952 INFO cohort=Rapid_CNS2 progress: 275/300
2026-09-05 14:10:32,431 INFO Rapid_CNS2/ID_77: non-cg probe annotations: MGMT=212, rs11249206=1, rs133860=1, rs1495031=1, rs6426327=1, rs966367=1
2026-09-05 14:10:45,469 INFO Rapid_CNS2/ID_77: OK schema=coverage_percentage_headerless coordinate_rows=1690537 probe_rows=858478 coverage_preserved=True total_coverage=7741567
2026-09-05 14:10:59,002 INFO Rapid_CNS2/ID_78: non-cg probe annotations: MGMT=212, ch.X.79027977R=1, rs11249206=1, rs133860=1, rs1495031=1, rs6426327=1, rs966367=1
2026-09-05 14:11:12,146 INFO Rapid_CNS2/ID_78: OK schema=coverage_percentage_headerless coordinate_rows=1671578 probe_rows=853250 coverage_preserved=True total_coverage=5854524
2026-09-05 14:11:25,807 INFO Rapid_CNS2/ID_79: non-cg probe annotations: MGMT=212, rs11249206=1, rs133860=1, rs1495031=1, rs6426327=1, rs966367=1
2026-09-05 14:11:39,119 INFO Rapid_CNS2/ID_79: OK schema=coverage_percentage_headerless coordinate_rows=1683260 probe_rows=858791 coverage_preserved=True total_coverage=7918412
2026-09-05 14:11:45,631 INFO Rapid_CNS2/ID_8: non-cg probe annotations: MGMT=106, rs1495031=1, rs966367=1
2026-09-05 14:11:54,718 INFO Rapid_CNS2/ID_8: OK schema=coverage_percentage_headerless coordinate_rows=772493 probe_rows=772388 coverage_preserved=True total_coverage=2199210
2026-09-05 14:12:06,880 INFO Rapid_CNS2/ID_80: non-cg probe annotations: MGMT=212, ch.X.79027977R=1, rs11249206=1, rs133860=1, rs1495031=1, rs6426327=1, rs966367=1
2026-09-05 14:12:18,276 INFO Rapid_CNS2/ID_80: OK schema=coverage_percentage_headerless coordinate_rows=1492746 probe_rows=837912 coverage_preserved=True total_coverage=3640277
2026-09-05 14:12:26,789 INFO Rapid_CNS2/ID_81: non-cg probe annotations: MGMT=212, ch.X.79027977R=1, rs11249206=1, rs133860=1, rs1495031=1, rs6426327=1, rs966367=1
2026-09-05 14:12:35,834 INFO Rapid_CNS2/ID_81: OK schema=coverage_percentage_headerless coordinate_rows=1012539 probe_rows=688366 coverage_preserved=True total_coverage=1885759
2026-09-05 14:12:46,011 INFO Rapid_CNS2/ID_82: non-cg probe annotations: MGMT=212, rs11249206=1, rs133860=1, rs1495031=1, rs6426327=1, rs966367=1
2026-09-05 14:12:56,760 INFO Rapid_CNS2/ID_82: OK schema=coverage_percentage_headerless coordinate_rows=1243172 probe_rows=775059 coverage_preserved=True total_coverage=2799391
2026-09-05 14:13:09,155 INFO Rapid_CNS2/ID_83: non-cg probe annotations: MGMT=212, ch.X.79027977R=1, rs11249206=1, rs133860=1, rs1495031=1, rs6426327=1, rs966367=1
2026-09-05 14:13:20,515 INFO Rapid_CNS2/ID_83: OK schema=coverage_percentage_headerless coordinate_rows=1518342 probe_rows=840064 coverage_preserved=True total_coverage=5110965
2026-09-05 14:13:32,785 INFO Rapid_CNS2/ID_84: non-cg probe annotations: MGMT=212, rs11249206=1, rs133860=1, rs1495031=1, rs6426327=1, rs966367=1
2026-09-05 14:13:44,277 INFO Rapid_CNS2/ID_84: OK schema=coverage_percentage_headerless coordinate_rows=1483994 probe_rows=838444 coverage_preserved=True total_coverage=2983119
2026-09-05 14:13:55,491 INFO Rapid_CNS2/ID_85: non-cg probe annotations: MGMT=212, ch.X.79027977R=1, rs11249206=1, rs133860=1, rs1495031=1, rs6426327=1, rs966367=1
2026-09-05 14:14:06,408 INFO Rapid_CNS2/ID_85: OK schema=coverage_percentage_headerless coordinate_rows=1357474 probe_rows=810731 coverage_preserved=True total_coverage=2931726
2026-09-05 14:14:17,571 INFO Rapid_CNS2/ID_86: non-cg probe annotations: MGMT=212, ch.X.79027977R=1, rs11249206=1, rs133860=1, rs1495031=1, rs6426327=1, rs966367=1
2026-09-05 14:14:28,509 INFO Rapid_CNS2/ID_86: OK schema=coverage_percentage_headerless coordinate_rows=1359854 probe_rows=811907 coverage_preserved=True total_coverage=2702182
2026-09-05 14:14:38,352 INFO Rapid_CNS2/ID_87: non-cg probe annotations: MGMT=212, ch.X.79027977R=1, rs11249206=1, rs133860=1, rs1495031=1, rs6426327=1, rs966367=1
2026-09-05 14:14:48,901 INFO Rapid_CNS2/ID_87: OK schema=coverage_percentage_headerless coordinate_rows=1187349 probe_rows=769704 coverage_preserved=True total_coverage=1967687
2026-09-05 14:15:01,297 INFO Rapid_CNS2/ID_88: non-cg probe annotations: MGMT=212, rs11249206=1, rs133860=1, rs1495031=1, rs6426327=1, rs966367=1
2026-09-05 14:15:12,832 INFO Rapid_CNS2/ID_88: OK schema=coverage_percentage_headerless coordinate_rows=1498024 probe_rows=838731 coverage_preserved=True total_coverage=3531154
2026-09-05 14:15:25,374 INFO Rapid_CNS2/ID_89: non-cg probe annotations: MGMT=212, ch.X.79027977R=1, rs11249206=1, rs133860=1, rs1495031=1, rs6426327=1, rs966367=1
2026-09-05 14:15:38,127 INFO Rapid_CNS2/ID_89: OK schema=coverage_percentage_headerless coordinate_rows=1497291 probe_rows=837606 coverage_preserved=True total_coverage=3674361
2026-09-05 14:15:44,545 INFO Rapid_CNS2/ID_9: non-cg probe annotations: MGMT=106, rs133860=1, rs1495031=1, rs966367=1
2026-09-05 14:15:54,101 INFO Rapid_CNS2/ID_9: OK schema=coverage_percentage_headerless coordinate_rows=741106 probe_rows=741001 coverage_preserved=True total_coverage=1905154
2026-09-05 14:15:59,844 INFO Rapid_CNS2/ID_90: non-cg probe annotations: MGMT=212, rs11249206=1, rs133860=1, rs1495031=1, rs6426327=1, rs966367=1
2026-09-05 14:16:07,323 INFO Rapid_CNS2/ID_90: OK schema=coverage_percentage_headerless coordinate_rows=674095 probe_rows=530706 coverage_preserved=True total_coverage=844671
2026-09-05 14:16:18,092 INFO Rapid_CNS2/ID_91: non-cg probe annotations: MGMT=212, rs11249206=1, rs133860=1, rs1495031=1, rs6426327=1, rs966367=1
2026-09-05 14:16:30,404 INFO Rapid_CNS2/ID_91: OK schema=coverage_percentage_headerless coordinate_rows=1290952 probe_rows=796369 coverage_preserved=True total_coverage=2590971
2026-09-05 14:16:42,394 INFO Rapid_CNS2/ID_92: non-cg probe annotations: MGMT=212, rs11249206=1, rs133860=1, rs1495031=1, rs6426327=1, rs966367=1
2026-09-05 14:16:55,176 INFO Rapid_CNS2/ID_92: OK schema=coverage_percentage_headerless coordinate_rows=1431425 probe_rows=828453 coverage_preserved=True total_coverage=3291484
2026-09-05 14:17:04,887 INFO Rapid_CNS2/ID_93: non-cg probe annotations: MGMT=212, rs11249206=1, rs133860=1, rs1495031=1, rs6426327=1, rs966367=1
2026-09-05 14:17:16,301 INFO Rapid_CNS2/ID_93: OK schema=coverage_percentage_headerless coordinate_rows=1143818 probe_rows=753123 coverage_preserved=True total_coverage=1795948
2026-09-05 14:17:27,055 INFO Rapid_CNS2/ID_94: non-cg probe annotations: MGMT=212, rs11249206=1, rs133860=1, rs1495031=1, rs6426327=1, rs966367=1
2026-09-05 14:17:39,385 INFO Rapid_CNS2/ID_94: OK schema=coverage_percentage_headerless coordinate_rows=1282240 probe_rows=796735 coverage_preserved=True total_coverage=2264783
2026-09-05 14:17:47,853 INFO Rapid_CNS2/ID_95: non-cg probe annotations: MGMT=212, rs11249206=1, rs133860=1, rs1495031=1, rs6426327=1, rs966367=1
2026-09-05 14:17:57,826 INFO Rapid_CNS2/ID_95: OK schema=coverage_percentage_headerless coordinate_rows=996174 probe_rows=697932 coverage_preserved=True total_coverage=1524198
2026-09-05 14:18:10,892 INFO Rapid_CNS2/ID_96: non-cg probe annotations: MGMT=212, rs11249206=1, rs133860=1, rs1495031=1, rs6426327=1, rs966367=1
2026-09-05 14:18:23,663 INFO Rapid_CNS2/ID_96: OK schema=coverage_percentage_headerless coordinate_rows=1586352 probe_rows=849995 coverage_preserved=True total_coverage=5193095
2026-09-05 14:18:32,080 INFO Rapid_CNS2/ID_97: non-cg probe annotations: MGMT=212, rs11249206=1, rs133860=1, rs1495031=1, rs6426327=1, rs966367=1
2026-09-05 14:18:41,948 INFO Rapid_CNS2/ID_97: OK schema=coverage_percentage_headerless coordinate_rows=982934 probe_rows=693966 coverage_preserved=True total_coverage=1364143
2026-09-05 14:18:52,489 INFO Rapid_CNS2/ID_98: non-cg probe annotations: MGMT=212, ch.X.79027977R=1, rs11249206=1, rs133860=1, rs1495031=1, rs6426327=1, rs966367=1
2026-09-05 14:19:04,637 INFO Rapid_CNS2/ID_98: OK schema=coverage_percentage_headerless coordinate_rows=1260738 probe_rows=788935 coverage_preserved=True total_coverage=2366335
2026-09-05 14:19:13,883 INFO Rapid_CNS2/ID_99: non-cg probe annotations: MGMT=212, ch.X.79027977R=1, rs11249206=1, rs133860=1, rs1495031=1, rs6426327=1, rs966367=1
2026-09-05 14:19:24,989 INFO Rapid_CNS2/ID_99: OK schema=coverage_percentage_headerless coordinate_rows=1094495 probe_rows=739402 coverage_preserved=True total_coverage=1634826
2026-09-05 14:19:25,232 INFO cohort=Rapid_CNS2 progress: 300/300
2026-09-05 14:19:25,239 INFO Wrote manifest: /data2/home/vcivale/projects/methylation/data/CNSNanoporeData/registry/derived/canonical_methylation_manifest.tsv
2026-09-05 14:19:25,239 INFO Done. ok=339 failed=0 skipped=0
